{
	"archBlock": { "height": 1, "addTop": true, "isGoal": false, "keyType": "none", "isStairs": false, "colliders": [[-0.5, -0.5, 0.1, 1], [0.4, -0.5, 0.1, 1]] },
	"archCorner": { "height": 1, "addTop": true, "isGoal": false, "keyType": "none", "isStairs": false, "colliders": [[0.4, -0.5, 0.1, 1]] },
	"bottomArchBlock": { "height": 0.3, "addTop": false, "isGoal": false, "keyType": "none", "isStairs": false, "colliders": [[-0.5, -0.5, 1, 1]] },
	"bottomArchCorner": { "height": 0.3, "addTop": false, "isGoal": false, "keyType": "none", "isStairs": false, "colliders": [[-0.5, -0.5, 1, 1]] },
	"fourWayArch": { "height": 1, "addTop": true, "isGoal": false, "keyType": "none", "isStairs": false, "colliders": [[-0.5, -0.5, 0.1, 0.1], [0.4, -0.5, 0.1, 0.1], [-0.5, 0.4, 0.1, 0.1], [0.4, 0.4, 0.1, 0.1]] },
	"archway": { "height": 1, "addTop": true, "isGoal": false, "keyType": "none", "isStairs": false, "colliders": [[-0.5, -0.5, 0.125, 1], [0.375, -0.5, 0.125, 1]] },
	"archwayCorner": { "height": 1, "addTop": true, "isGoal": false, "keyType": "none", "isStairs": false, "colliders": [[-0.5, -0.5, 0.125, 1], [-0.375 , 0.375, 0.875, 0.125]] },
	"archwayEnd": { "height": 1, "addTop": true, "isGoal": false, "keyType": "none", "isStairs": false, "colliders": [[-0.5, -0.5, 1, 0.125], [-0.5, 0.375, 1, 0.125], [-0.5, -0.375, 0.125, 0.75]] },
	"block": { "height": 1, "addTop": false, "isGoal": false, "keyType": "none", "isStairs": false, "colliders": [[-0.5, -0.5, 1, 1]] },
	"topBlock": { "height": 1, "addTop": true, "isGoal": false, "keyType": "none", "isStairs": false, "colliders": [] },
	"bottomBlock": { "height": 0.25, "addTop": false, "isGoal": false, "keyType": "none", "isStairs": false, "colliders": [[-0.5, -0.5, 1, 1]] },
	"sideBlock": { "height": 1, "addTop": false, "isGoal": false, "keyType": "none", "isStairs": false, "colliders": [[0.4, -0.5, 0.1, 1]] },
	"sideBlockTaper": { "height": 1, "addTop": false, "isGoal": false, "keyType": "none", "isStairs": false, "colliders": [[0.425, -0.5, 0.075, 1]] },
	"cornerCutBlock": { "height": 1, "addTop": false, "isGoal": false, "keyType": "none", "isStairs": false, "colliders": [[-0.5, -0.5, 0.85, 1], [0.35, -0.5, 0.1, 0.85]] },
	"curb": { "height": 0.2, "addTop": false, "isGoal": false, "keyType": "none", "isStairs": false, "colliders": [[-0.5, -0.5, 0.125, 1], [0.375, -0.5, 0.125, 1]] },
	"curbCorner": { "height": 0.2, "addTop": false, "isGoal": false, "keyType": "none", "isStairs": false, "colliders": [[-0.5, -0.5, 0.125, 1], [-0.375 , 0.375, 0.875, 0.125]] },
	"curbEnd": { "height": 0.2, "addTop": false, "isGoal": false, "keyType": "none", "isStairs": false, "colliders": [[-0.5, -0.5, 1, 0.125], [-0.5, 0.375, 1, 0.125], [-0.5, -0.375, 0.125, 0.75]] },
	"curbFull": { "height": 0.2, "addTop": false, "isGoal": false, "keyType": "none", "isStairs": false, "colliders": [[-0.5, -0.5, 1, 0.125], [-0.5, 0.375, 1, 0.125], [-0.5, -0.375, 0.125, 0.75], [0.375, -0.375, 0.125, 0.75]] },
	"singleCurb": { "height": 0.2, "addTop": false, "isGoal": false, "keyType": "none", "isStairs": false, "colliders": [[0.375, -0.5, 0.125, 1]] },
	"pillarBace": { "height": 1, "addTop": false, "isGoal": false, "keyType": "none", "isStairs": false, "colliders": [[-0.5, -0.5, 1, 1]] },
	"pillar": { "height": 1, "addTop": false, "isGoal": false, "keyType": "none", "isStairs": false, "colliders": [[-0.2, -0.2, 0.4, 0.4]] },
	"pillarTop": { "height": 1, "addTop": true, "isGoal": false, "keyType": "none", "isStairs": false, "colliders": [[-0.4, -0.4, 0.8, 0.8]] },
	"arrowBlock": { "height": 1, "addTop": false, "isGoal": false, "keyType": "none", "isStairs": false, "colliders": [[-0.5, -0.5, 1, 1]] },
	"windowBlock": { "height": 1, "addTop": false, "isGoal": false, "keyType": "none", "isStairs": false, "colliders": [[-0.5, -0.5, 1, 1]] },
	"goal": { "height": 1, "addTop": false, "isGoal": true, "keyType": "none", "isStairs": false, "colliders": [[-0.5, -0.5, 1, 1]] },
	"stairs": { "height": 1, "addTop": false, "isGoal": false, "keyType": "none", "isStairs": true, "colliders": [] },
	"humpRoof": { "height": 0.4, "addTop": false, "isGoal": false, "keyType": "none", "isStairs": false, "colliders": [[-0.5, -0.5, 1, 1]] },
	"humpRoofEdged": { "height": 0.4, "addTop": false, "isGoal": false, "keyType": "none", "isStairs": false, "colliders": [[-0.5, -0.5, 1, 1]] },
	"oKey": { "height": 1, "addTop": false, "isGoal": false, "keyType": "oKey", "isStairs": false, "colliders": [[-0.5, -0.5, 1, 1]] },
	"xKey": { "height": 1, "addTop": false, "isGoal": false, "keyType": "xKey", "isStairs": false, "colliders": [[-0.5, -0.5, 1, 1]] },
	"oDoor": { "height": 1, "addTop": false, "isGoal": false, "keyType": "oDoor", "isStairs": false, "colliders": [[-0.5, -0.5, 1, 1]] },
	"xDoor": { "height": 1, "addTop": false, "isGoal": false, "keyType": "xDoor", "isStairs": false, "colliders": [[-0.5, -0.5, 1, 1]] }
}