{"left":{"blocks":{"-2,0,4":{"r":1.5707963267948966,"type":"goal"},"-3,-4,4":{"r":1.5707963267948966,"type":"pillarTop"},"-3,-3,4":{"r":1.5707963267948966,"type":"pillar"},"-3,-2,4":{"r":1.5707963267948966,"type":"pillar"},"-3,-1,4":{"r":1.5707963267948966,"type":"pillar"},"-3,0,4":{"r":1.5707963267948966,"type":"pillarBace"}}},"right":{"blocks":{"0,0,-1":{"r":1.5707963267948966,"type":"stairs"},"-1,-1,-2":{"r":3.141592653589793,"type":"stairs"},"-2,-2,-1":{"r":4.71238898038469,"type":"stairs"},"-2,0,-1":{"r":4.71238898038469,"type":"fourWayArch"},"-2,0,-2":{"r":4.71238898038469,"type":"block"},"-1,0,-2":{"r":4.71238898038469,"type":"block"},"0,0,-2":{"r":4.71238898038469,"type":"block"},"-2,-1,-2":{"r":4.71238898038469,"type":"block"},"-2,-1,-1":{"r":4.71238898038469,"type":"block"},"-2,-2,-2":{"r":4.71238898038469,"type":"curbCorner"},"0,-1,-2":{"r":3.141592653589793,"type":"curbCorner"},"-2,-2,0":{"r":1.5707963267948966,"type":"archCorner"},"-2,-2,1":{"r":4.71238898038469,"type":"archCorner"},"-2,-2,2":{"r":1.5707963267948966,"type":"archCorner"},"-2,-2,3":{"r":4.71238898038469,"type":"archCorner"},"-2,-1,1":{"r":4.71238898038469,"type":"sideBlock"},"-2,-1,2":{"r":1.5707963267948966,"type":"sideBlock"},"-2,0,2":{"r":1.5707963267948966,"type":"sideBlock"},"-2,0,1":{"r":4.71238898038469,"type":"sideBlock"},"-2,-1,3":{"r":4.71238898038469,"type":"sideBlock"},"-2,0,3":{"r":4.71238898038469,"type":"sideBlock"},"-2,-1,0":{"r":1.5707963267948966,"type":"sideBlockTaper"},"-2,-1,4":{"r":1.5707963267948966,"type":"block"},"-2,0,4":{"r":1.5707963267948966,"type":"block"},"-2,-2,4":{"r":1.5707963267948966,"type":"block"},"-2,-3,0":{"r":0,"type":"curb"},"-2,-3,1":{"r":0,"type":"curb"},"-2,-3,2":{"r":0,"type":"curb"},"-2,-3,3":{"r":0,"type":"curb"},"-2,-3,4":{"r":1.5707963267948966,"type":"curbEnd"},"-3,0,4":{"r":1.5707963267948966,"type":"pillarBace"},"-3,-1,4":{"r":1.5707963267948966,"type":"pillar"},"-3,-2,4":{"r":1.5707963267948966,"type":"pillar"},"-3,-3,4":{"r":1.5707963267948966,"type":"pillar"},"-3,-4,4":{"r":1.5707963267948966,"type":"pillarTop"}}},"startingHeight":0,"name":"4 - Fall"}