{"left":{"blocks":{"-1,0,0":{"r":0,"type":"block"},"-2,0,-1":{"r":0,"type":"block"},"-2,0,-2":{"r":0,"type":"block"},"-2,0,-3":{"r":0,"type":"block"},"-1,0,-3":{"r":0,"type":"block"},"-1,0,-1":{"r":1.5707963267948966,"type":"windowBlock"},"-1,-1,-1":{"r":0,"type":"block"},"-1,-1,0":{"r":1.5707963267948966,"type":"windowBlock"},"-2,-1,0":{"r":0,"type":"block"},"-2,-1,-1":{"r":0,"type":"block"},"-2,-1,-2":{"r":0,"type":"block"},"-2,-1,-3":{"r":0,"type":"block"},"-1,-1,-3":{"r":0,"type":"block"},"-1,-1,-2":{"r":1.5707963267948966,"type":"windowBlock"},"-1,-2,-3":{"r":1.5707963267948966,"type":"windowBlock"},"-2,-2,-3":{"r":0,"type":"block"},"-2,-2,-1":{"r":0,"type":"block"},"-1,-2,0":{"r":0,"type":"block"},"-1,-2,-1":{"r":0,"type":"block"},"3,0,0":{"r":0,"type":"block"},"3,-1,0":{"r":0,"type":"block"},"3,0,-1":{"r":0,"type":"block"},"3,-1,-1":{"r":0,"type":"block"},"3,0,-2":{"r":0,"type":"block"},"3,-1,-2":{"r":0,"type":"block"},"3,0,-3":{"r":0,"type":"block"},"3,-1,-3":{"r":0,"type":"block"},"3,0,-4":{"r":0,"type":"block"},"3,-1,-4":{"r":0,"type":"block"},"4,0,-4":{"r":0,"type":"block"},"4,-1,-4":{"r":0,"type":"block"},"4,0,-3":{"r":0,"type":"block"},"4,0,-1":{"r":1.5707963267948966,"type":"windowBlock"},"4,0,0":{"r":0,"type":"block"},"4,0,-2":{"r":0,"type":"block"},"4,-1,-2":{"r":1.5707963267948966,"type":"windowBlock"},"4,-1,-1":{"r":0,"type":"block"},"4,-1,0":{"r":0,"type":"block"},"4,-1,-3":{"r":0,"type":"block"},"5,0,-4":{"r":0,"type":"block"},"6,0,-4":{"r":1.5707963267948966,"type":"windowBlock"},"6,-1,-4":{"r":0,"type":"block"},"5,-1,-4":{"r":0,"type":"block"},"6,0,-3":{"r":0,"type":"block"},"5,0,-3":{"r":0,"type":"block"},"5,-1,-3":{"r":0,"type":"block"},"6,-1,-3":{"r":0,"type":"windowBlock"},"4,0,1":{"r":0,"type":"windowBlock"},"3,0,1":{"r":0,"type":"block"},"3,-1,1":{"r":0,"type":"windowBlock"},"4,-1,1":{"r":1.5707963267948966,"type":"windowBlock"},"1,0,4":{"r":0,"type":"block"},"0,0,4":{"r":0,"type":"block"},"-1,0,4":{"r":0,"type":"block"},"-2,0,4":{"r":0,"type":"block"},"-2,0,5":{"r":0,"type":"windowBlock"},"-1,0,5":{"r":0,"type":"block"},"0,0,5":{"r":0,"type":"block"},"1,0,5":{"r":0,"type":"block"},"0,-1,5":{"r":0,"type":"windowBlock"},"1,-1,5":{"r":0,"type":"block"},"1,-1,4":{"r":0,"type":"block"},"0,-1,4":{"r":0,"type":"block"},"-1,-1,4":{"r":0,"type":"block"},"-2,-1,4":{"r":0,"type":"block"},"-2,-1,5":{"r":0,"type":"block"},"-1,-1,5":{"r":0,"type":"block"},"9,0,-1":{"r":0,"type":"block"},"9,0,0":{"r":0,"type":"block"},"9,0,1":{"r":0,"type":"block"},"10,0,1":{"r":0,"type":"block"},"10,0,0":{"r":0,"type":"block"},"10,0,-1":{"r":1.5707963267948966,"type":"windowBlock"},"10,-1,-1":{"r":0,"type":"block"},"10,-1,0":{"r":1.5707963267948966,"type":"windowBlock"},"10,-1,1":{"r":0,"type":"windowBlock"},"9,-1,1":{"r":0,"type":"block"},"9,-1,0":{"r":0,"type":"block"},"9,-1,-1":{"r":0,"type":"block"},"9,-2,-1":{"r":0,"type":"block"},"9,-2,0":{"r":0,"type":"block"},"9,-2,1":{"r":0,"type":"windowBlock"},"10,-2,1":{"r":1.5707963267948966,"type":"windowBlock"},"10,-2,0":{"r":0,"type":"block"},"10,-2,-1":{"r":1.5707963267948966,"type":"windowBlock"},"3,0,6":{"r":0,"type":"block"},"4,0,6":{"r":0,"type":"block"},"5,0,6":{"r":0,"type":"block"},"5,0,7":{"r":0,"type":"block"},"4,0,7":{"r":0,"type":"block"},"3,0,7":{"r":0,"type":"windowBlock"},"3,-1,7":{"r":0,"type":"block"},"3,-1,6":{"r":0,"type":"block"},"4,-1,6":{"r":0,"type":"block"},"4,-1,7":{"r":0,"type":"block"},"5,-1,6":{"r":0,"type":"block"},"5,-1,7":{"r":0,"type":"windowBlock"},"-3,0,0":{"r":1.5707963267948966,"type":"stairs"},"-3,0,-1":{"r":4.71238898038469,"type":"block"},"-3,-1,-1":{"r":1.5707963267948966,"type":"stairs"},"-3,-1,-2":{"r":4.71238898038469,"type":"block"},"-3,0,-2":{"r":4.71238898038469,"type":"block"},"-2,-3,0":{"r":0,"type":"humpRoof"},"-1,-3,0":{"r":0,"type":"humpRoof"},"-2,-2,-2":{"r":0,"type":"stairs"},"-3,-2,-2":{"r":4.71238898038469,"type":"curbCorner"},"-2,-3,-3":{"r":4.71238898038469,"type":"humpRoof"},"-2,-3,-1":{"r":4.71238898038469,"type":"humpRoof"},"10,0,4":{"r":4.71238898038469,"type":"block"},"10,0,7":{"r":4.71238898038469,"type":"block"},"9,0,7":{"r":4.71238898038469,"type":"block"},"8,0,7":{"r":4.71238898038469,"type":"block"},"8,0,8":{"r":4.71238898038469,"type":"block"},"9,0,8":{"r":4.71238898038469,"type":"block"},"10,0,8":{"r":4.71238898038469,"type":"block"},"11,0,8":{"r":0,"type":"windowBlock"},"11,0,4":{"r":1.5707963267948966,"type":"windowBlock"},"10,-1,4":{"r":4.71238898038469,"type":"block"},"11,-1,4":{"r":4.71238898038469,"type":"block"},"11,-1,8":{"r":4.71238898038469,"type":"block"},"10,-1,8":{"r":0,"type":"windowBlock"},"9,-1,8":{"r":4.71238898038469,"type":"block"},"8,-1,8":{"r":0,"type":"windowBlock"},"8,-1,7":{"r":4.71238898038469,"type":"block"},"11,-1,5":{"r":4.71238898038469,"type":"block"},"10,-1,5":{"r":4.71238898038469,"type":"block"},"10,-1,6":{"r":4.71238898038469,"type":"block"},"11,-1,6":{"r":4.71238898038469,"type":"block"},"11,0,5":{"r":4.71238898038469,"type":"block"},"10,0,5":{"r":4.71238898038469,"type":"block"},"11,0,6":{"r":4.71238898038469,"type":"block"},"10,0,6":{"r":4.71238898038469,"type":"block"},"6,-1,7":{"r":0,"type":"block"},"7,-1,7":{"r":0,"type":"block"},"11,0,3":{"r":0,"type":"block"},"10,0,3":{"r":0,"type":"block"},"10,-1,3":{"r":0,"type":"block"},"11,-1,3":{"r":1.5707963267948966,"type":"windowBlock"},"6,0,7":{"r":0,"type":"block"},"7,0,7":{"r":0,"type":"block"},"11,0,7":{"r":0,"type":"block"},"10,-1,7":{"r":0,"type":"block"},"9,-1,7":{"r":0,"type":"block"},"5,-2,6":{"r":0,"type":"block"},"5,-2,7":{"r":0,"type":"block"},"4,-2,7":{"r":0,"type":"block"},"3,-2,7":{"r":0,"type":"windowBlock"},"3,-2,6":{"r":0,"type":"block"},"4,-2,6":{"r":0,"type":"block"},"6,-2,7":{"r":3.141592653589793,"type":"stairs"},"11,-1,7":{"r":3.141592653589793,"type":"stairs"},"12,0,7":{"r":3.141592653589793,"type":"stairs"},"4,-2,1":{"r":3.141592653589793,"type":"humpRoof"},"3,-2,1":{"r":3.141592653589793,"type":"humpRoof"},"3,-2,0":{"r":3.141592653589793,"type":"humpRoof"},"4,-2,0":{"r":3.141592653589793,"type":"humpRoof"},"9,-3,0":{"r":3.141592653589793,"type":"humpRoof"},"9,-3,-1":{"r":3.141592653589793,"type":"humpRoof"},"10,-3,-1":{"r":3.141592653589793,"type":"humpRoof"},"10,-3,0":{"r":3.141592653589793,"type":"humpRoof"},"9,-3,1":{"r":3.141592653589793,"type":"humpRoof"},"10,-3,1":{"r":3.141592653589793,"type":"humpRoof"},"11,-2,3":{"r":3.141592653589793,"type":"humpRoof"},"11,-2,4":{"r":3.141592653589793,"type":"humpRoof"},"10,-2,4":{"r":3.141592653589793,"type":"humpRoof"},"10,-2,3":{"r":3.141592653589793,"type":"humpRoof"},"11,-2,8":{"r":3.141592653589793,"type":"humpRoof"},"10,-2,8":{"r":3.141592653589793,"type":"humpRoof"},"9,-2,8":{"r":3.141592653589793,"type":"humpRoof"},"8,-2,8":{"r":3.141592653589793,"type":"humpRoof"},"1,-2,5":{"r":3.141592653589793,"type":"humpRoof"},"0,-2,5":{"r":3.141592653589793,"type":"humpRoof"},"-1,-2,5":{"r":3.141592653589793,"type":"humpRoof"},"-2,-2,5":{"r":3.141592653589793,"type":"humpRoof"},"-2,-2,4":{"r":3.141592653589793,"type":"humpRoof"},"-1,-2,4":{"r":3.141592653589793,"type":"humpRoof"},"0,-2,4":{"r":3.141592653589793,"type":"humpRoof"},"1,-2,4":{"r":3.141592653589793,"type":"humpRoof"},"-5,0,2":{"r":4.71238898038469,"type":"block"},"-6,0,3":{"r":4.71238898038469,"type":"block"},"-7,0,3":{"r":4.71238898038469,"type":"block"},"-8,0,3":{"r":4.71238898038469,"type":"block"},"-9,0,3":{"r":4.71238898038469,"type":"block"},"-9,0,2":{"r":4.71238898038469,"type":"block"},"-9,0,1":{"r":4.71238898038469,"type":"block"},"-9,0,0":{"r":1.5707963267948966,"type":"windowBlock"},"-8,0,-1":{"r":4.71238898038469,"type":"block"},"-7,0,-1":{"r":0,"type":"windowBlock"},"-6,0,-1":{"r":4.71238898038469,"type":"block"},"-5,0,-1":{"r":4.71238898038469,"type":"block"},"-5,0,0":{"r":4.71238898038469,"type":"block"},"-9,0,-1":{"r":4.71238898038469,"type":"block"},"-5,-1,0":{"r":4.71238898038469,"type":"block"},"-5,-1,-1":{"r":1.5707963267948966,"type":"windowBlock"},"-6,-1,-1":{"r":0,"type":"windowBlock"},"-7,-1,-1":{"r":4.71238898038469,"type":"block"},"-9,-1,-1":{"r":4.71238898038469,"type":"block"},"-8,-1,-1":{"r":0,"type":"windowBlock"},"-9,-1,2":{"r":1.5707963267948966,"type":"windowBlock"},"-9,-1,3":{"r":4.71238898038469,"type":"block"},"-8,-1,3":{"r":4.71238898038469,"type":"block"},"-7,-1,3":{"r":4.71238898038469,"type":"block"},"-6,-1,3":{"r":4.71238898038469,"type":"block"},"-5,-1,3":{"r":4.71238898038469,"type":"block"},"-5,-1,2":{"r":4.71238898038469,"type":"block"},"-5,0,4":{"r":0,"type":"windowBlock"},"-6,0,4":{"r":4.71238898038469,"type":"block"},"-7,0,4":{"r":4.71238898038469,"type":"block"},"-8,0,4":{"r":0,"type":"windowBlock"},"-9,-1,4":{"r":4.71238898038469,"type":"block"},"-9,0,4":{"r":4.71238898038469,"type":"block"},"-8,-1,4":{"r":4.71238898038469,"type":"block"},"-7,-1,4":{"r":4.71238898038469,"type":"block"},"-6,-1,4":{"r":0,"type":"windowBlock"},"-5,-1,4":{"r":1.5707963267948966,"type":"windowBlock"},"-5,-1,1":{"r":4.71238898038469,"type":"archBlock"},"-5,-2,-1":{"r":4.71238898038469,"type":"humpRoof"},"-6,-2,-1":{"r":4.71238898038469,"type":"humpRoof"},"-5,-2,0":{"r":4.71238898038469,"type":"humpRoof"},"-9,-2,-1":{"r":4.71238898038469,"type":"humpRoof"},"-8,-2,-1":{"r":4.71238898038469,"type":"humpRoof"},"-9,-2,0":{"r":4.71238898038469,"type":"humpRoof"},"-9,-2,3":{"r":4.71238898038469,"type":"humpRoof"},"-9,-2,4":{"r":4.71238898038469,"type":"humpRoof"},"-8,-2,4":{"r":4.71238898038469,"type":"humpRoof"},"-8,-2,3":{"r":4.71238898038469,"type":"humpRoof"},"-7,-2,3":{"r":4.71238898038469,"type":"humpRoof"},"-7,-2,4":{"r":4.71238898038469,"type":"humpRoof"},"-6,-2,4":{"r":4.71238898038469,"type":"humpRoof"},"-6,-2,3":{"r":4.71238898038469,"type":"humpRoof"},"-5,-2,3":{"r":4.71238898038469,"type":"humpRoof"},"-5,-2,4":{"r":4.71238898038469,"type":"humpRoof"},"-5,-2,2":{"r":4.71238898038469,"type":"humpRoof"},"-9,-2,2":{"r":4.71238898038469,"type":"humpRoof"},"-3,0,5":{"r":4.71238898038469,"type":"block"},"-3,0,4":{"r":4.71238898038469,"type":"block"},"-3,-1,4":{"r":4.71238898038469,"type":"block"},"-3,-1,5":{"r":0,"type":"windowBlock"},"-3,-2,5":{"r":4.71238898038469,"type":"humpRoof"},"-3,-2,4":{"r":4.71238898038469,"type":"humpRoof"},"2,0,-7":{"r":4.71238898038469,"type":"block"},"2,-1,-7":{"r":4.71238898038469,"type":"block"},"3,0,-7":{"r":0,"type":"block"},"3,0,-6":{"r":0,"type":"cornerCutBlock"},"3,-1,-6":{"r":0,"type":"cornerCutBlock"},"3,-1,-7":{"r":0,"type":"block"},"1,0,-7":{"r":3.141592653589793,"type":"cornerCutBlock"},"1,-1,-7":{"r":3.141592653589793,"type":"cornerCutBlock"},"-1,0,-9":{"r":4.71238898038469,"type":"block"},"0,0,-9":{"r":4.71238898038469,"type":"block"},"0,0,-10":{"r":1.5707963267948966,"type":"windowBlock"},"-1,0,-10":{"r":4.71238898038469,"type":"block"},"-2,0,-10":{"r":4.71238898038469,"type":"block"},"-2,0,-9":{"r":4.71238898038469,"type":"block"},"-2,-1,-8":{"r":4.71238898038469,"type":"block"},"-2,-1,-9":{"r":4.71238898038469,"type":"block"},"-1,-1,-9":{"r":4.71238898038469,"type":"block"},"0,-1,-9":{"r":1.5707963267948966,"type":"windowBlock"},"0,-1,-10":{"r":4.71238898038469,"type":"block"},"-1,-1,-10":{"r":4.71238898038469,"type":"block"},"-2,-1,-10":{"r":4.71238898038469,"type":"block"},"-7,0,-7":{"r":4.71238898038469,"type":"oDoor"},"-7,0,-6":{"r":4.71238898038469,"type":"block"},"-6,0,-6":{"r":4.71238898038469,"type":"block"},"-5,0,-6":{"r":0,"type":"windowBlock"},"-7,0,-8":{"r":4.71238898038469,"type":"block"},"-6,0,-8":{"r":4.71238898038469,"type":"block"},"-5,0,-8":{"r":4.71238898038469,"type":"block"},"-5,-1,-8":{"r":1.5707963267948966,"type":"windowBlock"},"-6,-1,-8":{"r":4.71238898038469,"type":"block"},"-7,-1,-8":{"r":4.71238898038469,"type":"block"},"-7,-1,-7":{"r":4.71238898038469,"type":"archBlock"},"-5,-1,-7":{"r":4.71238898038469,"type":"archBlock"},"-9,0,-7":{"r":3.141592653589793,"type":"stairs"},"-9,0,-6":{"r":3.141592653589793,"type":"block"},"-8,0,-6":{"r":3.141592653589793,"type":"block"},"-9,0,-8":{"r":3.141592653589793,"type":"block"},"-8,0,-8":{"r":3.141592653589793,"type":"block"},"-8,-1,-8":{"r":3.141592653589793,"type":"block"},"-9,-1,-8":{"r":0,"type":"windowBlock"},"-9,-1,-6":{"r":3.141592653589793,"type":"humpRoof"},"-8,-1,-6":{"r":3.141592653589793,"type":"humpRoof"},"-7,-1,-6":{"r":1.5707963267948966,"type":"stairs"},"-5,-1,-6":{"r":1.5707963267948966,"type":"stairs"},"-10,0,-7":{"r":1.5707963267948966,"type":"goal"},"-10,0,-8":{"r":1.5707963267948966,"type":"block"},"-10,-1,-8":{"r":1.5707963267948966,"type":"block"},"-10,0,-6":{"r":0,"type":"windowBlock"},"-11,0,-6":{"r":1.5707963267948966,"type":"block"},"-11,0,-7":{"r":1.5707963267948966,"type":"block"},"-11,0,-8":{"r":1.5707963267948966,"type":"block"},"-11,-1,-8":{"r":1.5707963267948966,"type":"block"},"-11,-1,-7":{"r":1.5707963267948966,"type":"block"},"-11,-1,-6":{"r":0,"type":"windowBlock"},"-10,-1,-6":{"r":1.5707963267948966,"type":"humpRoof"},"-11,-2,-6":{"r":1.5707963267948966,"type":"humpRoofEdged"},"-11,-2,-7":{"r":1.5707963267948966,"type":"humpRoofEdged"},"-11,-2,-8":{"r":1.5707963267948966,"type":"humpRoofEdged"},"-10,-2,-8":{"r":1.5707963267948966,"type":"humpRoofEdged"},"-9,-2,-8":{"r":1.5707963267948966,"type":"humpRoofEdged"},"-8,-2,-8":{"r":1.5707963267948966,"type":"humpRoofEdged"},"-7,-2,-8":{"r":1.5707963267948966,"type":"humpRoofEdged"},"-6,-2,-8":{"r":1.5707963267948966,"type":"humpRoofEdged"},"-5,-2,-8":{"r":1.5707963267948966,"type":"humpRoofEdged"},"-5,-2,-7":{"r":1.5707963267948966,"type":"humpRoofEdged"},"-7,-2,-7":{"r":1.5707963267948966,"type":"humpRoofEdged"},"-2,-2,-8":{"r":1.5707963267948966,"type":"humpRoofEdged"},"-1,-2,-8":{"r":1.5707963267948966,"type":"humpRoofEdged"},"-1,-2,-9":{"r":1.5707963267948966,"type":"humpRoofEdged"},"-2,-2,-9":{"r":1.5707963267948966,"type":"humpRoofEdged"},"-2,-2,-10":{"r":1.5707963267948966,"type":"humpRoofEdged"},"-1,-2,-10":{"r":1.5707963267948966,"type":"humpRoofEdged"},"0,-2,-10":{"r":1.5707963267948966,"type":"humpRoofEdged"},"0,-2,-9":{"r":1.5707963267948966,"type":"humpRoofEdged"},"-5,0,-10":{"r":0,"type":"windowBlock"},"-4,0,-10":{"r":1.5707963267948966,"type":"block"},"-4,0,-11":{"r":1.5707963267948966,"type":"block"},"-5,0,-11":{"r":1.5707963267948966,"type":"block"},"-5,-1,-11":{"r":1.5707963267948966,"type":"block"},"-5,-1,-10":{"r":1.5707963267948966,"type":"block"},"-4,-1,-10":{"r":0,"type":"windowBlock"},"-4,-1,-11":{"r":1.5707963267948966,"type":"windowBlock"},"-4,-2,-11":{"r":1.5707963267948966,"type":"humpRoof"},"-5,-2,-11":{"r":1.5707963267948966,"type":"humpRoof"},"-5,-2,-10":{"r":1.5707963267948966,"type":"humpRoof"},"-4,-2,-10":{"r":1.5707963267948966,"type":"humpRoof"},"1,-2,-7":{"r":1.5707963267948966,"type":"humpRoof"},"1,-2,-6":{"r":1.5707963267948966,"type":"humpRoof"},"2,-2,-6":{"r":1.5707963267948966,"type":"humpRoof"},"3,-2,-6":{"r":1.5707963267948966,"type":"humpRoof"},"-1,-1,-8":{"r":0,"type":"windowBlock"},"-2,0,-8":{"r":1.5707963267948966,"type":"block"},"-1,0,-8":{"r":4.71238898038469,"type":"block"},"-1,0,-2":{"r":4.71238898038469,"type":"block"},"-1,-2,-2":{"r":1.5707963267948966,"type":"block"},"-2,0,0":{"r":0,"type":"windowBlock"},"-2,-2,0":{"r":0,"type":"windowBlock"},"-9,-1,0":{"r":1.5707963267948966,"type":"block"},"-9,-1,1":{"r":1.5707963267948966,"type":"block"},"-5,0,3":{"r":1.5707963267948966,"type":"block"},"-7,0,-5":{"r":1.5707963267948966,"type":"windowBlock"},"-7,0,-4":{"r":1.5707963267948966,"type":"block"},"-7,-1,-5":{"r":4.71238898038469,"type":"stairs"},"-7,-1,-4":{"r":1.5707963267948966,"type":"windowBlock"},"-7,0,-3":{"r":1.5707963267948966,"type":"block"},"-7,-1,-3":{"r":1.5707963267948966,"type":"stairs"},"-5,0,-7":{"r":0,"type":"block"},"-5,0,1":{"r":4.71238898038469,"type":"block"},"-8,0,0":{"r":4.71238898038469,"type":"xKey"},"-1,-3,-1":{"r":0,"type":"singleCurb"},"-1,-3,-2":{"r":0,"type":"singleCurb"},"-1,-3,-3":{"r":3.141592653589793,"type":"curbCorner"},"1,0,-6":{"r":4.71238898038469,"type":"cornerCutBlock"},"1,-1,-6":{"r":4.71238898038469,"type":"cornerCutBlock"},"3,-2,-7":{"r":1.5707963267948966,"type":"windowBlock"},"2,0,-6":{"r":3.141592653589793,"type":"block"},"2,-1,-6":{"r":0,"type":"windowBlock"},"2,-2,-7":{"r":0,"type":"stairs"},"3,-3,-7":{"r":0,"type":"humpRoof"},"3,-3,7":{"r":0,"type":"curbCorner"},"4,-3,7":{"r":4.71238898038469,"type":"singleCurb"},"5,-3,7":{"r":4.71238898038469,"type":"singleCurb"},"7,-2,7":{"r":1.5707963267948966,"type":"curb"},"11,-2,5":{"r":0,"type":"singleCurb"},"11,-2,6":{"r":0,"type":"singleCurb"},"10,-2,6":{"r":3.141592653589793,"type":"singleCurb"},"10,-2,5":{"r":3.141592653589793,"type":"singleCurb"},"8,-2,7":{"r":1.5707963267948966,"type":"curb"},"9,-2,7":{"r":1.5707963267948966,"type":"curb"},"5,-2,-3":{"r":4.71238898038469,"type":"oKey"},"6,-2,-4":{"r":4.71238898038469,"type":"humpRoof"},"6,-2,-3":{"r":4.71238898038469,"type":"humpRoof"},"5,-2,-4":{"r":4.71238898038469,"type":"humpRoof"},"4,-2,-4":{"r":4.71238898038469,"type":"humpRoof"},"3,-2,-4":{"r":4.71238898038469,"type":"humpRoof"},"-9,-2,1":{"r":4.71238898038469,"type":"humpRoof"},"-7,-2,-1":{"r":4.71238898038469,"type":"humpRoof"},"-5,-2,1":{"r":4.71238898038469,"type":"humpRoof"},"-7,-2,-4":{"r":4.71238898038469,"type":"humpRoof"}}},"right":{"blocks":{"-1,0,0":{"r":0,"type":"block"},"-2,0,-1":{"r":0,"type":"block"},"-2,0,-2":{"r":0,"type":"block"},"-2,0,-3":{"r":0,"type":"block"},"-1,0,-3":{"r":0,"type":"block"},"-1,0,-1":{"r":1.5707963267948966,"type":"windowBlock"},"-1,-1,-1":{"r":0,"type":"block"},"-1,-1,0":{"r":1.5707963267948966,"type":"windowBlock"},"-2,-1,0":{"r":0,"type":"block"},"-2,-1,-1":{"r":0,"type":"block"},"-2,-1,-2":{"r":0,"type":"block"},"-2,-1,-3":{"r":0,"type":"block"},"-1,-1,-3":{"r":0,"type":"block"},"-1,-1,-2":{"r":1.5707963267948966,"type":"windowBlock"},"-1,-2,-3":{"r":1.5707963267948966,"type":"windowBlock"},"-2,-2,-3":{"r":0,"type":"block"},"-2,-2,-1":{"r":0,"type":"block"},"-1,-2,0":{"r":0,"type":"block"},"-1,-2,-1":{"r":0,"type":"block"},"3,0,0":{"r":0,"type":"block"},"3,-1,0":{"r":0,"type":"block"},"3,0,-1":{"r":0,"type":"block"},"3,-1,-1":{"r":0,"type":"block"},"3,0,-2":{"r":0,"type":"block"},"3,-1,-2":{"r":0,"type":"block"},"3,0,-3":{"r":0,"type":"block"},"3,-1,-3":{"r":0,"type":"block"},"3,0,-4":{"r":0,"type":"block"},"3,-1,-4":{"r":0,"type":"block"},"4,0,-4":{"r":0,"type":"block"},"4,-1,-4":{"r":0,"type":"block"},"4,0,-3":{"r":0,"type":"block"},"4,0,-1":{"r":1.5707963267948966,"type":"windowBlock"},"4,0,0":{"r":0,"type":"block"},"4,0,-2":{"r":0,"type":"block"},"4,-1,-2":{"r":1.5707963267948966,"type":"windowBlock"},"4,-1,-1":{"r":0,"type":"block"},"4,-1,0":{"r":0,"type":"block"},"4,-1,-3":{"r":0,"type":"block"},"5,0,-4":{"r":0,"type":"block"},"6,0,-4":{"r":1.5707963267948966,"type":"windowBlock"},"6,-1,-4":{"r":0,"type":"block"},"5,-1,-4":{"r":0,"type":"block"},"6,0,-3":{"r":0,"type":"block"},"5,0,-3":{"r":0,"type":"block"},"5,-1,-3":{"r":0,"type":"block"},"6,-1,-3":{"r":0,"type":"windowBlock"},"4,0,1":{"r":0,"type":"windowBlock"},"3,0,1":{"r":0,"type":"block"},"3,-1,1":{"r":0,"type":"windowBlock"},"4,-1,1":{"r":1.5707963267948966,"type":"windowBlock"},"1,0,4":{"r":0,"type":"block"},"0,0,4":{"r":0,"type":"block"},"-1,0,4":{"r":0,"type":"block"},"-2,0,4":{"r":0,"type":"block"},"-2,0,5":{"r":0,"type":"windowBlock"},"-1,0,5":{"r":0,"type":"block"},"0,0,5":{"r":0,"type":"block"},"1,0,5":{"r":0,"type":"block"},"0,-1,5":{"r":0,"type":"windowBlock"},"1,-1,5":{"r":0,"type":"block"},"1,-1,4":{"r":0,"type":"block"},"0,-1,4":{"r":0,"type":"block"},"-1,-1,4":{"r":0,"type":"block"},"-2,-1,4":{"r":0,"type":"block"},"-2,-1,5":{"r":0,"type":"block"},"-1,-1,5":{"r":0,"type":"block"},"9,0,-1":{"r":0,"type":"block"},"9,0,0":{"r":0,"type":"block"},"9,0,1":{"r":0,"type":"block"},"10,0,1":{"r":0,"type":"block"},"10,0,0":{"r":0,"type":"block"},"10,0,-1":{"r":1.5707963267948966,"type":"windowBlock"},"10,-1,-1":{"r":0,"type":"block"},"10,-1,0":{"r":1.5707963267948966,"type":"windowBlock"},"10,-1,1":{"r":0,"type":"windowBlock"},"9,-1,1":{"r":0,"type":"block"},"9,-1,0":{"r":0,"type":"block"},"9,-1,-1":{"r":0,"type":"block"},"9,-2,-1":{"r":0,"type":"block"},"9,-2,0":{"r":0,"type":"block"},"9,-2,1":{"r":0,"type":"windowBlock"},"10,-2,1":{"r":1.5707963267948966,"type":"windowBlock"},"10,-2,0":{"r":0,"type":"block"},"10,-2,-1":{"r":1.5707963267948966,"type":"windowBlock"},"3,0,6":{"r":0,"type":"block"},"4,0,6":{"r":0,"type":"block"},"5,0,6":{"r":0,"type":"block"},"5,0,7":{"r":0,"type":"block"},"4,0,7":{"r":0,"type":"block"},"3,0,7":{"r":0,"type":"windowBlock"},"3,-1,7":{"r":0,"type":"block"},"3,-1,6":{"r":0,"type":"block"},"4,-1,6":{"r":0,"type":"block"},"4,-1,7":{"r":0,"type":"block"},"5,-1,6":{"r":0,"type":"block"},"5,-1,7":{"r":0,"type":"windowBlock"},"1,-1,-3":{"r":4.71238898038469,"type":"topBlock"},"0,-1,-3":{"r":4.71238898038469,"type":"topBlock"},"-3,0,0":{"r":1.5707963267948966,"type":"stairs"},"-3,0,-1":{"r":4.71238898038469,"type":"block"},"-3,-1,-1":{"r":1.5707963267948966,"type":"stairs"},"-3,-1,-2":{"r":4.71238898038469,"type":"block"},"-3,0,-2":{"r":4.71238898038469,"type":"block"},"-2,-3,0":{"r":0,"type":"humpRoof"},"-1,-3,0":{"r":0,"type":"humpRoof"},"-2,-2,-2":{"r":0,"type":"stairs"},"-3,-2,-2":{"r":4.71238898038469,"type":"curbCorner"},"-2,-3,-3":{"r":4.71238898038469,"type":"humpRoof"},"-2,-3,-1":{"r":4.71238898038469,"type":"humpRoof"},"10,0,4":{"r":4.71238898038469,"type":"block"},"10,0,7":{"r":4.71238898038469,"type":"block"},"9,0,7":{"r":4.71238898038469,"type":"block"},"8,0,7":{"r":4.71238898038469,"type":"block"},"8,0,8":{"r":4.71238898038469,"type":"block"},"9,0,8":{"r":4.71238898038469,"type":"block"},"10,0,8":{"r":4.71238898038469,"type":"block"},"11,0,8":{"r":0,"type":"windowBlock"},"11,0,4":{"r":1.5707963267948966,"type":"windowBlock"},"10,-1,4":{"r":4.71238898038469,"type":"block"},"11,-1,4":{"r":4.71238898038469,"type":"block"},"11,-1,8":{"r":4.71238898038469,"type":"block"},"10,-1,8":{"r":0,"type":"windowBlock"},"9,-1,8":{"r":4.71238898038469,"type":"block"},"8,-1,8":{"r":0,"type":"windowBlock"},"8,-1,7":{"r":4.71238898038469,"type":"block"},"11,-1,5":{"r":1.5707963267948966,"type":"archCorner"},"10,-1,5":{"r":1.5707963267948966,"type":"archCorner"},"10,-1,6":{"r":4.71238898038469,"type":"archCorner"},"11,-1,6":{"r":4.71238898038469,"type":"archCorner"},"11,0,5":{"r":1.5707963267948966,"type":"sideBlock"},"10,0,5":{"r":1.5707963267948966,"type":"sideBlock"},"11,0,6":{"r":4.71238898038469,"type":"sideBlock"},"10,0,6":{"r":4.71238898038469,"type":"sideBlock"},"6,-1,7":{"r":3.141592653589793,"type":"archCorner"},"7,-1,7":{"r":0,"type":"archCorner"},"11,0,3":{"r":0,"type":"block"},"10,0,3":{"r":0,"type":"block"},"10,-1,3":{"r":0,"type":"block"},"11,-1,3":{"r":1.5707963267948966,"type":"windowBlock"},"6,0,7":{"r":3.141592653589793,"type":"sideBlock"},"7,0,7":{"r":0,"type":"sideBlock"},"11,0,7":{"r":0,"type":"block"},"10,-1,7":{"r":0,"type":"block"},"9,-1,7":{"r":0,"type":"block"},"5,-2,6":{"r":0,"type":"block"},"5,-2,7":{"r":0,"type":"block"},"4,-2,7":{"r":0,"type":"block"},"3,-2,7":{"r":0,"type":"windowBlock"},"3,-2,6":{"r":0,"type":"block"},"4,-2,6":{"r":0,"type":"block"},"6,-2,7":{"r":3.141592653589793,"type":"stairs"},"11,-1,7":{"r":3.141592653589793,"type":"stairs"},"12,0,7":{"r":3.141592653589793,"type":"stairs"},"4,-2,1":{"r":3.141592653589793,"type":"humpRoof"},"3,-2,1":{"r":3.141592653589793,"type":"humpRoof"},"3,-2,0":{"r":3.141592653589793,"type":"humpRoof"},"4,-2,0":{"r":3.141592653589793,"type":"humpRoof"},"9,-3,0":{"r":3.141592653589793,"type":"humpRoof"},"9,-3,-1":{"r":3.141592653589793,"type":"humpRoof"},"10,-3,-1":{"r":3.141592653589793,"type":"humpRoof"},"10,-3,0":{"r":3.141592653589793,"type":"humpRoof"},"9,-3,1":{"r":3.141592653589793,"type":"humpRoof"},"10,-3,1":{"r":3.141592653589793,"type":"humpRoof"},"11,-2,3":{"r":3.141592653589793,"type":"humpRoof"},"11,-2,4":{"r":3.141592653589793,"type":"humpRoof"},"10,-2,4":{"r":3.141592653589793,"type":"humpRoof"},"10,-2,3":{"r":3.141592653589793,"type":"humpRoof"},"11,-2,8":{"r":3.141592653589793,"type":"humpRoof"},"10,-2,8":{"r":3.141592653589793,"type":"humpRoof"},"9,-2,8":{"r":3.141592653589793,"type":"humpRoof"},"8,-2,8":{"r":3.141592653589793,"type":"humpRoof"},"1,-2,5":{"r":3.141592653589793,"type":"humpRoof"},"0,-2,5":{"r":3.141592653589793,"type":"humpRoof"},"-1,-2,5":{"r":3.141592653589793,"type":"humpRoof"},"-2,-2,5":{"r":3.141592653589793,"type":"humpRoof"},"-2,-2,4":{"r":3.141592653589793,"type":"humpRoof"},"-1,-2,4":{"r":3.141592653589793,"type":"humpRoof"},"0,-2,4":{"r":3.141592653589793,"type":"humpRoof"},"1,-2,4":{"r":3.141592653589793,"type":"humpRoof"},"-5,0,2":{"r":4.71238898038469,"type":"block"},"-6,0,3":{"r":4.71238898038469,"type":"block"},"-7,0,3":{"r":4.71238898038469,"type":"block"},"-8,0,3":{"r":4.71238898038469,"type":"block"},"-9,0,3":{"r":4.71238898038469,"type":"block"},"-9,0,2":{"r":4.71238898038469,"type":"block"},"-9,0,1":{"r":4.71238898038469,"type":"block"},"-9,0,0":{"r":1.5707963267948966,"type":"windowBlock"},"-8,0,-1":{"r":4.71238898038469,"type":"block"},"-7,0,-1":{"r":0,"type":"windowBlock"},"-6,0,-1":{"r":4.71238898038469,"type":"block"},"-5,0,-1":{"r":4.71238898038469,"type":"block"},"-5,0,0":{"r":4.71238898038469,"type":"block"},"-9,0,-1":{"r":4.71238898038469,"type":"block"},"-5,-1,0":{"r":4.71238898038469,"type":"block"},"-5,-1,-1":{"r":1.5707963267948966,"type":"windowBlock"},"-6,-1,-1":{"r":0,"type":"windowBlock"},"-7,-1,-1":{"r":4.71238898038469,"type":"block"},"-9,-1,-1":{"r":4.71238898038469,"type":"block"},"-8,-1,-1":{"r":0,"type":"windowBlock"},"-9,-1,2":{"r":1.5707963267948966,"type":"windowBlock"},"-9,-1,3":{"r":4.71238898038469,"type":"block"},"-8,-1,3":{"r":4.71238898038469,"type":"block"},"-7,-1,3":{"r":4.71238898038469,"type":"block"},"-6,-1,3":{"r":4.71238898038469,"type":"block"},"-5,-1,3":{"r":4.71238898038469,"type":"block"},"-5,-1,2":{"r":4.71238898038469,"type":"block"},"-5,0,4":{"r":0,"type":"windowBlock"},"-6,0,4":{"r":4.71238898038469,"type":"block"},"-7,0,4":{"r":4.71238898038469,"type":"block"},"-8,0,4":{"r":0,"type":"windowBlock"},"-9,-1,4":{"r":4.71238898038469,"type":"block"},"-9,0,4":{"r":4.71238898038469,"type":"block"},"-8,-1,4":{"r":4.71238898038469,"type":"block"},"-7,-1,4":{"r":4.71238898038469,"type":"block"},"-6,-1,4":{"r":0,"type":"windowBlock"},"-5,-1,4":{"r":1.5707963267948966,"type":"windowBlock"},"-5,0,1":{"r":4.71238898038469,"type":"oDoor"},"-5,-1,1":{"r":4.71238898038469,"type":"archBlock"},"-5,-2,-1":{"r":4.71238898038469,"type":"humpRoof"},"-6,-2,-1":{"r":4.71238898038469,"type":"humpRoof"},"-5,-2,0":{"r":4.71238898038469,"type":"humpRoof"},"-9,-2,-1":{"r":4.71238898038469,"type":"humpRoof"},"-8,-2,-1":{"r":4.71238898038469,"type":"humpRoof"},"-9,-2,0":{"r":4.71238898038469,"type":"humpRoof"},"-9,-2,3":{"r":4.71238898038469,"type":"humpRoof"},"-9,-2,4":{"r":4.71238898038469,"type":"humpRoof"},"-8,-2,4":{"r":4.71238898038469,"type":"humpRoof"},"-8,-2,3":{"r":4.71238898038469,"type":"humpRoof"},"-7,-2,3":{"r":4.71238898038469,"type":"humpRoof"},"-7,-2,4":{"r":4.71238898038469,"type":"humpRoof"},"-6,-2,4":{"r":4.71238898038469,"type":"humpRoof"},"-6,-2,3":{"r":4.71238898038469,"type":"humpRoof"},"-5,-2,3":{"r":4.71238898038469,"type":"humpRoof"},"-5,-2,4":{"r":4.71238898038469,"type":"humpRoof"},"-5,-2,2":{"r":4.71238898038469,"type":"humpRoof"},"-9,-2,2":{"r":4.71238898038469,"type":"humpRoof"},"-3,0,5":{"r":4.71238898038469,"type":"block"},"-3,0,4":{"r":4.71238898038469,"type":"block"},"-3,-1,4":{"r":4.71238898038469,"type":"block"},"-3,-1,5":{"r":0,"type":"windowBlock"},"-3,-2,5":{"r":4.71238898038469,"type":"humpRoof"},"-3,-2,4":{"r":4.71238898038469,"type":"humpRoof"},"2,0,-6":{"r":4.71238898038469,"type":"block"},"2,0,-7":{"r":4.71238898038469,"type":"block"},"2,-1,-6":{"r":4.71238898038469,"type":"block"},"2,-1,-7":{"r":4.71238898038469,"type":"block"},"3,0,-7":{"r":4.71238898038469,"type":"block"},"3,0,-6":{"r":4.71238898038469,"type":"block"},"3,-1,-6":{"r":0,"type":"windowBlock"},"3,-1,-7":{"r":4.71238898038469,"type":"block"},"1,0,-7":{"r":4.71238898038469,"type":"block"},"1,0,-6":{"r":0,"type":"windowBlock"},"1,-1,-6":{"r":4.71238898038469,"type":"block"},"1,-1,-7":{"r":4.71238898038469,"type":"block"},"-1,0,-9":{"r":4.71238898038469,"type":"block"},"0,0,-9":{"r":4.71238898038469,"type":"block"},"0,0,-10":{"r":1.5707963267948966,"type":"windowBlock"},"-1,0,-10":{"r":4.71238898038469,"type":"block"},"-2,0,-10":{"r":4.71238898038469,"type":"block"},"-2,0,-9":{"r":4.71238898038469,"type":"block"},"-2,-1,-8":{"r":4.71238898038469,"type":"block"},"-2,-1,-9":{"r":4.71238898038469,"type":"block"},"-1,-1,-9":{"r":4.71238898038469,"type":"block"},"0,-1,-9":{"r":1.5707963267948966,"type":"windowBlock"},"0,-1,-10":{"r":4.71238898038469,"type":"block"},"-1,-1,-10":{"r":4.71238898038469,"type":"block"},"-2,-1,-10":{"r":4.71238898038469,"type":"block"},"-7,0,-7":{"r":0,"type":"block"},"-7,0,-6":{"r":4.71238898038469,"type":"block"},"-6,0,-6":{"r":4.71238898038469,"type":"block"},"-5,0,-6":{"r":0,"type":"windowBlock"},"-7,0,-8":{"r":4.71238898038469,"type":"block"},"-6,0,-8":{"r":4.71238898038469,"type":"block"},"-5,0,-8":{"r":4.71238898038469,"type":"block"},"-5,-1,-8":{"r":1.5707963267948966,"type":"windowBlock"},"-6,-1,-8":{"r":4.71238898038469,"type":"block"},"-7,-1,-8":{"r":4.71238898038469,"type":"block"},"-7,-1,-7":{"r":4.71238898038469,"type":"archBlock"},"-5,-1,-7":{"r":4.71238898038469,"type":"archBlock"},"-9,0,-7":{"r":3.141592653589793,"type":"stairs"},"-9,0,-6":{"r":3.141592653589793,"type":"block"},"-8,0,-6":{"r":3.141592653589793,"type":"block"},"-9,0,-8":{"r":3.141592653589793,"type":"block"},"-8,0,-8":{"r":3.141592653589793,"type":"block"},"-8,-1,-8":{"r":3.141592653589793,"type":"block"},"-9,-1,-8":{"r":0,"type":"windowBlock"},"-9,-1,-6":{"r":3.141592653589793,"type":"humpRoof"},"-8,-1,-6":{"r":3.141592653589793,"type":"humpRoof"},"-7,-1,-6":{"r":1.5707963267948966,"type":"stairs"},"-5,-1,-6":{"r":1.5707963267948966,"type":"stairs"},"-10,0,-7":{"r":1.5707963267948966,"type":"goal"},"-10,0,-8":{"r":1.5707963267948966,"type":"block"},"-10,-1,-8":{"r":1.5707963267948966,"type":"block"},"-10,0,-6":{"r":0,"type":"windowBlock"},"-11,0,-6":{"r":1.5707963267948966,"type":"block"},"-11,0,-7":{"r":1.5707963267948966,"type":"block"},"-11,0,-8":{"r":1.5707963267948966,"type":"block"},"-11,-1,-8":{"r":1.5707963267948966,"type":"block"},"-11,-1,-7":{"r":1.5707963267948966,"type":"block"},"-11,-1,-6":{"r":0,"type":"windowBlock"},"-10,-1,-6":{"r":1.5707963267948966,"type":"humpRoof"},"-11,-2,-6":{"r":1.5707963267948966,"type":"humpRoofEdged"},"-11,-2,-7":{"r":1.5707963267948966,"type":"humpRoofEdged"},"-11,-2,-8":{"r":1.5707963267948966,"type":"humpRoofEdged"},"-10,-2,-8":{"r":1.5707963267948966,"type":"humpRoofEdged"},"-9,-2,-8":{"r":1.5707963267948966,"type":"humpRoofEdged"},"-8,-2,-8":{"r":1.5707963267948966,"type":"humpRoofEdged"},"-7,-2,-8":{"r":1.5707963267948966,"type":"humpRoofEdged"},"-6,-2,-8":{"r":1.5707963267948966,"type":"humpRoofEdged"},"-5,-2,-8":{"r":1.5707963267948966,"type":"humpRoofEdged"},"-5,-2,-7":{"r":1.5707963267948966,"type":"humpRoofEdged"},"-7,-2,-7":{"r":1.5707963267948966,"type":"humpRoofEdged"},"-2,-2,-8":{"r":1.5707963267948966,"type":"humpRoofEdged"},"-1,-2,-8":{"r":1.5707963267948966,"type":"humpRoofEdged"},"-1,-2,-9":{"r":1.5707963267948966,"type":"humpRoofEdged"},"-2,-2,-9":{"r":1.5707963267948966,"type":"humpRoofEdged"},"-2,-2,-10":{"r":1.5707963267948966,"type":"humpRoofEdged"},"-1,-2,-10":{"r":1.5707963267948966,"type":"humpRoofEdged"},"0,-2,-10":{"r":1.5707963267948966,"type":"humpRoofEdged"},"0,-2,-9":{"r":1.5707963267948966,"type":"humpRoofEdged"},"-5,0,-10":{"r":0,"type":"windowBlock"},"-4,0,-10":{"r":1.5707963267948966,"type":"block"},"-4,0,-11":{"r":1.5707963267948966,"type":"block"},"-5,0,-11":{"r":1.5707963267948966,"type":"block"},"-5,-1,-11":{"r":1.5707963267948966,"type":"block"},"-5,-1,-10":{"r":1.5707963267948966,"type":"block"},"-4,-1,-10":{"r":0,"type":"windowBlock"},"-4,-1,-11":{"r":1.5707963267948966,"type":"windowBlock"},"-4,-2,-11":{"r":1.5707963267948966,"type":"humpRoof"},"-5,-2,-11":{"r":1.5707963267948966,"type":"humpRoof"},"-5,-2,-10":{"r":1.5707963267948966,"type":"humpRoof"},"-4,-2,-10":{"r":1.5707963267948966,"type":"humpRoof"},"1,-2,-7":{"r":1.5707963267948966,"type":"humpRoof"},"1,-2,-6":{"r":1.5707963267948966,"type":"humpRoof"},"2,-2,-6":{"r":1.5707963267948966,"type":"humpRoof"},"3,-2,-7":{"r":1.5707963267948966,"type":"humpRoof"},"3,-2,-6":{"r":1.5707963267948966,"type":"humpRoof"},"2,-2,-7":{"r":1.5707963267948966,"type":"humpRoof"},"-1,-1,-8":{"r":0,"type":"windowBlock"},"-2,0,-8":{"r":1.5707963267948966,"type":"block"},"-1,0,-8":{"r":4.71238898038469,"type":"block"},"-1,0,-2":{"r":4.71238898038469,"type":"block"},"-1,-2,-2":{"r":1.5707963267948966,"type":"block"},"-2,0,0":{"r":0,"type":"windowBlock"},"-2,-2,0":{"r":0,"type":"windowBlock"},"-9,-1,0":{"r":1.5707963267948966,"type":"block"},"-9,-1,1":{"r":1.5707963267948966,"type":"block"},"-5,0,3":{"r":1.5707963267948966,"type":"block"},"-7,0,-5":{"r":1.5707963267948966,"type":"windowBlock"},"-7,0,-4":{"r":1.5707963267948966,"type":"block"},"-7,-1,-5":{"r":4.71238898038469,"type":"stairs"},"-7,-1,-4":{"r":1.5707963267948966,"type":"windowBlock"},"-7,0,-3":{"r":1.5707963267948966,"type":"block"},"-7,-1,-3":{"r":1.5707963267948966,"type":"stairs"},"-5,0,-7":{"r":4.71238898038469,"type":"xDoor"},"2,-1,-3":{"r":4.71238898038469,"type":"topBlock"},"5,-3,6":{"r":4.71238898038469,"type":"humpRoof"},"5,-3,7":{"r":4.71238898038469,"type":"humpRoof"},"-1,-3,-3":{"r":1.5707963267948966,"type":"singleCurb"},"-1,-3,-1":{"r":0,"type":"singleCurb"},"-1,-3,-2":{"r":0,"type":"singleCurb"},"0,-2,-3":{"r":1.5707963267948966,"type":"curb"},"2,-2,-3":{"r":1.5707963267948966,"type":"curb"},"1,-2,-3":{"r":1.5707963267948966,"type":"curb"},"3,-3,6":{"r":3.141592653589793,"type":"oKey"},"3,-3,7":{"r":0,"type":"curbCorner"},"4,-3,7":{"r":4.71238898038469,"type":"singleCurb"},"7,-2,7":{"r":1.5707963267948966,"type":"curb"},"11,-2,6":{"r":0,"type":"singleCurb"},"11,-2,5":{"r":0,"type":"singleCurb"},"10,-2,6":{"r":3.141592653589793,"type":"singleCurb"},"10,-2,5":{"r":3.141592653589793,"type":"singleCurb"},"9,-2,7":{"r":1.5707963267948966,"type":"curb"},"8,-2,7":{"r":1.5707963267948966,"type":"curb"},"3,-2,-4":{"r":4.71238898038469,"type":"humpRoof"},"4,-2,-4":{"r":4.71238898038469,"type":"humpRoof"},"5,-2,-4":{"r":4.71238898038469,"type":"humpRoof"},"6,-2,-4":{"r":4.71238898038469,"type":"humpRoof"},"6,-2,-3":{"r":4.71238898038469,"type":"humpRoof"},"-5,-2,1":{"r":4.71238898038469,"type":"humpRoof"},"-7,-2,-1":{"r":4.71238898038469,"type":"humpRoof"},"-9,-2,1":{"r":4.71238898038469,"type":"humpRoof"},"-7,-2,-4":{"r":4.71238898038469,"type":"humpRoof"}}},"startingHeight":0,"name":"12 - Town"}