{"left":{"blocks":{"3,-1,-1":{"r":3.141592653589793,"type":"archway"},"5,-1,-1":{"r":0,"type":"archway"},"3,-1,0":{"r":1.5707963267948966,"type":"archwayEnd"},"5,-1,0":{"r":1.5707963267948966,"type":"archwayEnd"},"3,-1,-2":{"r":4.71238898038469,"type":"archwayEnd"},"5,-1,-2":{"r":4.71238898038469,"type":"archwayCorner"},"5,-1,2":{"r":3.141592653589793,"type":"archwayEnd"},"4,-1,2":{"r":4.71238898038469,"type":"archway"},"3,-1,2":{"r":0,"type":"archwayEnd"},"7,-1,-2":{"r":3.141592653589793,"type":"archwayEnd"},"3,0,2":{"r":0,"type":"block"},"4,0,2":{"r":0,"type":"block"},"5,0,2":{"r":0,"type":"block"},"3,0,-1":{"r":0,"type":"block"},"3,0,-2":{"r":0,"type":"block"},"5,0,-1":{"r":0,"type":"block"},"5,0,-2":{"r":0,"type":"block"},"5,0,0":{"r":0,"type":"block"},"3,0,0":{"r":0,"type":"block"},"7,0,-2":{"r":0,"type":"block"},"6,-1,-2":{"r":0,"type":"stairs"},"3,-2,0":{"r":1.5707963267948966,"type":"curbEnd"},"3,-2,-2":{"r":4.71238898038469,"type":"curbEnd"},"5,-2,-2":{"r":4.71238898038469,"type":"curbEnd"},"5,-2,0":{"r":1.5707963267948966,"type":"curbEnd"},"5,-2,2":{"r":3.141592653589793,"type":"curbEnd"},"3,-2,2":{"r":0,"type":"curbEnd"},"6,0,-2":{"r":0,"type":"block"},"5,-2,-1":{"r":0,"type":"curb"},"3,-2,-1":{"r":0,"type":"curb"},"4,-2,2":{"r":1.5707963267948966,"type":"curb"},"8,0,-2":{"r":4.71238898038469,"type":"goal"},"2,-2,2":{"r":1.5707963267948966,"type":"pillarTop"},"2,0,2":{"r":1.5707963267948966,"type":"pillarBace"},"2,-1,2":{"r":1.5707963267948966,"type":"pillar"},"0,0,0":{"r":1.5707963267948966,"type":"block"},"1,0,0":{"r":1.5707963267948966,"type":"block"},"1,-1,0":{"r":3.141592653589793,"type":"archwayEnd"},"0,-1,0":{"r":0,"type":"archwayEnd"},"0,-2,0":{"r":0,"type":"curbEnd"},"1,-2,0":{"r":3.141592653589793,"type":"curbEnd"},"7,-2,-2":{"r":1.5707963267948966,"type":"curb"}}},"right":{"blocks":{"3,-1,0":{"r":3.141592653589793,"type":"archwayEnd"},"5,-1,0":{"r":4.71238898038469,"type":"archwayEnd"},"5,-1,-2":{"r":3.141592653589793,"type":"archwayEnd"},"5,-1,2":{"r":1.5707963267948966,"type":"archwayEnd"},"4,-1,-2":{"r":4.71238898038469,"type":"archway"},"5,-1,1":{"r":0,"type":"archway"},"3,0,-2":{"r":0,"type":"block"},"4,0,-2":{"r":0,"type":"block"},"5,0,-2":{"r":0,"type":"block"},"5,0,0":{"r":0,"type":"block"},"5,0,1":{"r":0,"type":"block"},"5,0,2":{"r":0,"type":"block"},"3,0,2":{"r":0,"type":"block"},"3,0,0":{"r":0,"type":"block"},"3,-1,-2":{"r":0,"type":"archwayEnd"},"3,-2,0":{"r":3.141592653589793,"type":"curbEnd"},"3,-2,-2":{"r":0,"type":"curbEnd"},"5,-2,-2":{"r":3.141592653589793,"type":"curbEnd"},"5,-2,0":{"r":4.71238898038469,"type":"curbEnd"},"5,-2,2":{"r":1.5707963267948966,"type":"curbEnd"},"3,-1,2":{"r":3.141592653589793,"type":"curbFull"},"4,-2,-2":{"r":4.71238898038469,"type":"curb"},"5,-2,1":{"r":0,"type":"curb"},"2,0,0":{"r":0,"type":"block"},"1,0,0":{"r":0,"type":"block"},"1,-1,0":{"r":1.5707963267948966,"type":"archway"},"2,-1,0":{"r":1.5707963267948966,"type":"archway"},"1,-2,0":{"r":1.5707963267948966,"type":"curb"},"2,-2,0":{"r":1.5707963267948966,"type":"curb"},"0,-2,0":{"r":1.5707963267948966,"type":"curb"},"0,0,0":{"r":0,"type":"block"},"0,-1,0":{"r":0,"type":"archwayEnd"},"2,0,2":{"r":1.5707963267948966,"type":"pillarBace"},"2,-1,2":{"r":1.5707963267948966,"type":"pillar"},"2,-2,2":{"r":1.5707963267948966,"type":"pillarTop"},"7,-2,-2":{"r":0,"type":"curbEnd"},"7,-1,-2":{"r":0,"type":"archwayEnd"},"-1,0,0":{"r":1.5707963267948966,"type":"block"},"-2,0,0":{"r":0,"type":"stairs"},"-1,-1,0":{"r":0,"type":"stairs"},"8,-1,-2":{"r":3.141592653589793,"type":"archwayEnd"},"8,-2,-2":{"r":3.141592653589793,"type":"curbEnd"},"7,0,-2":{"r":0,"type":"block"},"8,0,-2":{"r":0,"type":"block"}}},"startingHeight":2,"name":"9 - Archways"}