{"left":{"blocks":{"0,0,-7":{"r":1.5707963267948966,"type":"goal"},"-2,0,-5":{"r":0,"type":"curbCorner"},"-2,0,-9":{"r":4.71238898038469,"type":"curbCorner"},"2,0,-9":{"r":3.141592653589793,"type":"curbCorner"},"2,0,-5":{"r":1.5707963267948966,"type":"curbCorner"},"-2,0,-6":{"r":3.141592653589793,"type":"singleCurb"},"-2,0,-7":{"r":3.141592653589793,"type":"singleCurb"},"-2,0,-8":{"r":3.141592653589793,"type":"singleCurb"},"-1,0,-9":{"r":1.5707963267948966,"type":"singleCurb"},"0,0,-9":{"r":1.5707963267948966,"type":"singleCurb"},"1,0,-9":{"r":1.5707963267948966,"type":"singleCurb"},"2,0,-8":{"r":0,"type":"singleCurb"},"2,0,-7":{"r":0,"type":"singleCurb"},"2,0,-6":{"r":0,"type":"singleCurb"},"1,0,-5":{"r":4.71238898038469,"type":"singleCurb"},"-1,0,-5":{"r":4.71238898038469,"type":"singleCurb"},"0,0,-4":{"r":3.141592653589793,"type":"archBlock"},"0,0,-3":{"r":3.141592653589793,"type":"archBlock"},"0,0,-2":{"r":3.141592653589793,"type":"archBlock"},"0,-1,-2":{"r":0,"type":"curb"},"0,-1,-4":{"r":4.71238898038469,"type":"curbEnd"},"0,-1,-3":{"r":3.141592653589793,"type":"curb"},"1,0,-8":{"r":1.5707963267948966,"type":"pillarBace"},"1,-1,-8":{"r":1.5707963267948966,"type":"pillar"},"1,-2,-8":{"r":1.5707963267948966,"type":"pillar"},"1,-3,-8":{"r":1.5707963267948966,"type":"pillarTop"},"-1,0,-6":{"r":1.5707963267948966,"type":"pillarBace"},"-1,-1,-6":{"r":1.5707963267948966,"type":"pillar"},"-1,-2,-6":{"r":1.5707963267948966,"type":"pillar"},"-1,-3,-6":{"r":1.5707963267948966,"type":"pillarTop"}}},"right":{"blocks":{"0,0,-1":{"r":1.5707963267948966,"type":"stairs"},"0,0,-2":{"r":1.5707963267948966,"type":"block"},"0,0,-4":{"r":1.5707963267948966,"type":"block"},"0,0,-3":{"r":1.5707963267948966,"type":"block"},"0,0,-7":{"r":0,"type":"goal"},"0,0,-6":{"r":1.5707963267948966,"type":"stairs"},"0,0,-8":{"r":4.71238898038469,"type":"stairs"},"1,0,-7":{"r":3.141592653589793,"type":"stairs"},"-1,0,-7":{"r":0,"type":"stairs"},"0,-1,-3":{"r":0,"type":"curb"},"0,-1,-2":{"r":0,"type":"curb"},"0,-1,-4":{"r":4.71238898038469,"type":"curbEnd"},"1,0,-5":{"r":4.71238898038469,"type":"singleCurb"},"2,0,-5":{"r":1.5707963267948966,"type":"curbCorner"},"2,0,-6":{"r":0,"type":"singleCurb"},"2,0,-7":{"r":0,"type":"singleCurb"},"2,0,-8":{"r":0,"type":"singleCurb"},"1,0,-9":{"r":1.5707963267948966,"type":"singleCurb"},"0,0,-9":{"r":1.5707963267948966,"type":"singleCurb"},"-1,0,-9":{"r":1.5707963267948966,"type":"singleCurb"},"-2,0,-8":{"r":3.141592653589793,"type":"singleCurb"},"-2,0,-7":{"r":3.141592653589793,"type":"singleCurb"},"-2,0,-6":{"r":3.141592653589793,"type":"singleCurb"},"-1,0,-5":{"r":4.71238898038469,"type":"singleCurb"},"-2,0,-5":{"r":0,"type":"curbCorner"},"2,0,-9":{"r":3.141592653589793,"type":"curbCorner"},"-2,0,-9":{"r":4.71238898038469,"type":"curbCorner"},"-1,0,-6":{"r":1.5707963267948966,"type":"pillarBace"},"1,0,-8":{"r":1.5707963267948966,"type":"pillarBace"},"1,-3,-8":{"r":1.5707963267948966,"type":"pillarTop"},"-1,-3,-6":{"r":1.5707963267948966,"type":"pillarTop"},"-1,-1,-6":{"r":1.5707963267948966,"type":"pillar"},"-1,-2,-6":{"r":1.5707963267948966,"type":"pillar"},"1,-1,-8":{"r":1.5707963267948966,"type":"pillar"},"1,-2,-8":{"r":1.5707963267948966,"type":"pillar"}}},"startingHeight":0,"name":"6 - Tricky Tunnels"}