{"left":{"blocks":{"-1,0,0":{"r":3.141592653589793,"type":"arrowBlock"},"0,0,0":{"r":3.141592653589793,"type":"block"},"0,0,-1":{"r":4.71238898038469,"type":"block"},"1,0,-1":{"r":4.71238898038469,"type":"block"},"1,0,0":{"r":3.141592653589793,"type":"block"},"1,0,1":{"r":4.71238898038469,"type":"block"},"0,0,1":{"r":4.71238898038469,"type":"block"},"-1,0,1":{"r":4.71238898038469,"type":"block"},"-1,0,-1":{"r":4.71238898038469,"type":"block"},"-2,0,0":{"r":1.5707963267948966,"type":"block"},"-3,0,0":{"r":0,"type":"archBlock"},"-4,0,0":{"r":1.5707963267948966,"type":"block"},"-5,0,-1":{"r":1.5707963267948966,"type":"block"},"-5,0,-2":{"r":4.71238898038469,"type":"archBlock"},"-5,0,-3":{"r":1.5707963267948966,"type":"block"},"-5,0,0":{"r":1.5707963267948966,"type":"block"},"-4,0,-4":{"r":1.5707963267948966,"type":"block"},"-5,0,-4":{"r":1.5707963267948966,"type":"arrowBlock"},"-6,0,-4":{"r":1.5707963267948966,"type":"block"},"-6,0,-5":{"r":1.5707963267948966,"type":"block"},"-6,0,-6":{"r":1.5707963267948966,"type":"block"},"-5,0,-6":{"r":1.5707963267948966,"type":"block"},"-4,0,-6":{"r":1.5707963267948966,"type":"block"},"-4,0,-5":{"r":1.5707963267948966,"type":"block"},"-5,0,-5":{"r":0,"type":"goal"},"-5,-1,-1":{"r":0,"type":"curb"},"-5,-1,-2":{"r":0,"type":"curb"},"-5,-1,-3":{"r":0,"type":"curb"},"-4,-1,0":{"r":1.5707963267948966,"type":"curb"},"-3,-1,0":{"r":1.5707963267948966,"type":"curb"},"-2,-1,0":{"r":1.5707963267948966,"type":"curb"},"-5,-1,0":{"r":0,"type":"curbCorner"},"-5,-1,-6":{"r":1.5707963267948966,"type":"singleCurb"},"-6,-1,-6":{"r":4.71238898038469,"type":"curbCorner"},"-4,-1,-6":{"r":3.141592653589793,"type":"curbCorner"},"-4,-1,-5":{"r":0,"type":"singleCurb"},"-6,-1,-5":{"r":3.141592653589793,"type":"singleCurb"},"-6,-1,-4":{"r":0,"type":"curbCorner"},"-4,-1,-4":{"r":1.5707963267948966,"type":"curbCorner"},"-1,-1,1":{"r":0,"type":"curbCorner"},"1,-1,-1":{"r":3.141592653589793,"type":"curbCorner"},"1,-1,0":{"r":0,"type":"singleCurb"},"1,-1,1":{"r":1.5707963267948966,"type":"curbCorner"},"0,-1,1":{"r":4.71238898038469,"type":"singleCurb"},"0,-1,-1":{"r":1.5707963267948966,"type":"singleCurb"},"-1,-1,-1":{"r":4.71238898038469,"type":"curbCorner"},"0,0,-5":{"r":0,"type":"pillarBace"},"0,-1,-5":{"r":0,"type":"pillar"},"0,-2,-5":{"r":0,"type":"pillarTop"}}},"right":{"blocks":{"-1,0,0":{"r":3.141592653589793,"type":"arrowBlock"},"0,0,0":{"r":3.141592653589793,"type":"block"},"0,0,-1":{"r":4.71238898038469,"type":"block"},"1,0,-1":{"r":4.71238898038469,"type":"block"},"1,0,0":{"r":3.141592653589793,"type":"block"},"1,0,1":{"r":4.71238898038469,"type":"block"},"0,0,1":{"r":4.71238898038469,"type":"block"},"-1,0,1":{"r":4.71238898038469,"type":"block"},"-1,0,-1":{"r":4.71238898038469,"type":"block"},"-2,0,0":{"r":1.5707963267948966,"type":"block"},"-3,0,0":{"r":0,"type":"archBlock"},"-4,0,0":{"r":1.5707963267948966,"type":"block"},"-5,0,-1":{"r":1.5707963267948966,"type":"block"},"-5,0,-2":{"r":4.71238898038469,"type":"archBlock"},"-5,0,-3":{"r":1.5707963267948966,"type":"block"},"-5,0,0":{"r":1.5707963267948966,"type":"block"},"-4,0,-4":{"r":1.5707963267948966,"type":"block"},"-5,0,-4":{"r":1.5707963267948966,"type":"arrowBlock"},"-6,0,-4":{"r":1.5707963267948966,"type":"block"},"-6,0,-5":{"r":1.5707963267948966,"type":"block"},"-6,0,-6":{"r":1.5707963267948966,"type":"block"},"-5,0,-6":{"r":1.5707963267948966,"type":"block"},"-4,0,-6":{"r":1.5707963267948966,"type":"block"},"-4,0,-5":{"r":1.5707963267948966,"type":"block"},"-5,0,-5":{"r":0,"type":"goal"},"-5,-1,-1":{"r":0,"type":"curb"},"-5,-1,-2":{"r":0,"type":"curb"},"-5,-1,-3":{"r":0,"type":"curb"},"-4,-1,0":{"r":1.5707963267948966,"type":"curb"},"-3,-1,0":{"r":1.5707963267948966,"type":"curb"},"-2,-1,0":{"r":1.5707963267948966,"type":"curb"},"-5,-1,0":{"r":0,"type":"curbCorner"},"-5,-1,-6":{"r":1.5707963267948966,"type":"singleCurb"},"-6,-1,-6":{"r":4.71238898038469,"type":"curbCorner"},"-4,-1,-6":{"r":3.141592653589793,"type":"curbCorner"},"-4,-1,-5":{"r":0,"type":"singleCurb"},"-6,-1,-5":{"r":3.141592653589793,"type":"singleCurb"},"-6,-1,-4":{"r":0,"type":"curbCorner"},"-4,-1,-4":{"r":1.5707963267948966,"type":"curbCorner"},"-1,-1,1":{"r":0,"type":"curbCorner"},"1,-1,-1":{"r":3.141592653589793,"type":"curbCorner"},"1,-1,0":{"r":0,"type":"singleCurb"},"1,-1,1":{"r":1.5707963267948966,"type":"curbCorner"},"0,-1,1":{"r":4.71238898038469,"type":"singleCurb"},"0,-1,-1":{"r":1.5707963267948966,"type":"singleCurb"},"-1,-1,-1":{"r":4.71238898038469,"type":"curbCorner"},"0,0,-5":{"r":0,"type":"pillarBace"},"0,-1,-5":{"r":0,"type":"pillar"},"0,-2,-5":{"r":0,"type":"pillarTop"}}},"startingHeight":1,"name":"1 - Beginning"}