{"left":{"blocks":{"0,0,-6":{"r":1.5707963267948966,"type":"block"},"0,0,-7":{"r":1.5707963267948966,"type":"block"},"0,0,-8":{"r":1.5707963267948966,"type":"block"},"0,0,-2":{"r":1.5707963267948966,"type":"block"},"0,0,-3":{"r":1.5707963267948966,"type":"block"},"0,0,-4":{"r":1.5707963267948966,"type":"block"},"0,-1,-4":{"r":0,"type":"curb"},"0,-1,-3":{"r":0,"type":"curb"},"0,-1,-2":{"r":0,"type":"curb"},"0,-1,-8":{"r":0,"type":"curb"},"0,-1,-7":{"r":0,"type":"curb"},"0,-1,-6":{"r":0,"type":"curb"}}},"right":{"blocks":{"0,0,-1":{"r":1.5707963267948966,"type":"stairs"},"0,0,-2":{"r":1.5707963267948966,"type":"block"},"0,0,-4":{"r":1.5707963267948966,"type":"block"},"0,0,-5":{"r":1.5707963267948966,"type":"block"},"0,0,-6":{"r":1.5707963267948966,"type":"block"},"0,0,-8":{"r":1.5707963267948966,"type":"block"},"0,0,-9":{"r":0,"type":"block"},"0,-1,-2":{"r":0,"type":"curb"},"0,-1,-4":{"r":0,"type":"curb"},"0,-1,-5":{"r":0,"type":"curb"},"0,-1,-6":{"r":0,"type":"curb"},"0,-1,-8":{"r":0,"type":"curb"},"0,-1,-9":{"r":0,"type":"curb"},"0,-1,-10":{"r":4.71238898038469,"type":"curbEnd"},"0,0,-10":{"r":0,"type":"goal"}}},"startingHeight":0,"name":"3 - Back and Forth"}