{"left":{"blocks":{"0,0,-2":{"r":0,"type":"windowBlock"},"1,0,-2":{"r":0,"type":"archBlock"},"1,0,-3":{"r":0,"type":"archBlock"},"0,0,-3":{"r":0,"type":"block"},"0,-1,-3":{"r":0,"type":"block"},"0,-1,-2":{"r":0,"type":"block"},"1,-1,-3":{"r":0,"type":"block"},"2,0,-3":{"r":0,"type":"block"},"2,0,-2":{"r":0,"type":"block"},"1,-1,-2":{"r":0,"type":"block"},"2,-1,-3":{"r":0,"type":"block"},"2,-2,-3":{"r":0,"type":"block"},"2,-2,-2":{"r":0,"type":"block"},"1,-2,-3":{"r":0,"type":"block"},"0,-2,-3":{"r":0,"type":"block"},"0,-2,-2":{"r":0,"type":"block"},"1,-2,-2":{"r":0,"type":"windowBlock"},"2,-1,-2":{"r":0,"type":"windowBlock"},"0,-3,-2":{"r":0,"type":"humpRoof"},"0,-3,-3":{"r":0,"type":"humpRoof"},"1,-3,-3":{"r":0,"type":"humpRoof"},"1,-3,-2":{"r":0,"type":"humpRoof"},"2,-3,-3":{"r":0,"type":"humpRoof"},"2,-3,-2":{"r":0,"type":"humpRoof"},"0,0,-1":{"r":3.141592653589793,"type":"singleCurb"},"0,0,0":{"r":3.141592653589793,"type":"singleCurb"},"2,0,1":{"r":1.5707963267948966,"type":"curbCorner"},"1,0,1":{"r":4.71238898038469,"type":"singleCurb"},"0,0,1":{"r":0,"type":"curbCorner"},"2,0,0":{"r":0,"type":"singleCurb"},"2,0,-1":{"r":0,"type":"singleCurb"},"4,0,-6":{"r":0,"type":"stairs"},"7,-1,-6":{"r":0,"type":"stairs"},"6,0,-6":{"r":0,"type":"archBlock"},"5,0,-6":{"r":0,"type":"block"},"7,0,-6":{"r":0,"type":"block"},"8,-1,-6":{"r":3.141592653589793,"type":"archCorner"},"9,-1,-6":{"r":0,"type":"archCorner"},"9,0,-6":{"r":0,"type":"sideBlock"},"8,0,-6":{"r":3.141592653589793,"type":"sideBlock"},"10,0,-6":{"r":3.141592653589793,"type":"block"},"10,-1,-6":{"r":3.141592653589793,"type":"block"},"11,0,-6":{"r":0,"type":"goal"},"12,0,-6":{"r":3.141592653589793,"type":"block"},"13,0,-6":{"r":3.141592653589793,"type":"block"},"14,0,-6":{"r":3.141592653589793,"type":"block"},"13,-2,-6":{"r":3.141592653589793,"type":"block"},"12,-2,-6":{"r":3.141592653589793,"type":"block"},"11,-2,-6":{"r":3.141592653589793,"type":"block"},"10,-2,-6":{"r":0,"type":"stairs"},"9,-2,-6":{"r":1.5707963267948966,"type":"curb"},"8,-2,-6":{"r":1.5707963267948966,"type":"curb"},"6,-1,-6":{"r":1.5707963267948966,"type":"curb"},"5,-1,-6":{"r":1.5707963267948966,"type":"curb"},"11,-3,-6":{"r":1.5707963267948966,"type":"curb"},"12,-3,-6":{"r":1.5707963267948966,"type":"curb"},"13,-3,-6":{"r":1.5707963267948966,"type":"curb"},"13,-1,-6":{"r":1.5707963267948966,"type":"curb"},"12,-1,-6":{"r":1.5707963267948966,"type":"curb"},"14,-1,-6":{"r":3.141592653589793,"type":"curbEnd"},"14,-3,-6":{"r":3.141592653589793,"type":"curbEnd"},"14,-2,-6":{"r":3.141592653589793,"type":"topBlock"},"14,0,-7":{"r":4.71238898038469,"type":"pillarBace"},"14,-3,-7":{"r":4.71238898038469,"type":"pillarTop"},"14,-2,-7":{"r":0,"type":"pillar"},"14,-1,-7":{"r":0,"type":"pillar"}}},"right":{"blocks":{"0,0,-2":{"r":0,"type":"windowBlock"},"1,0,-2":{"r":4.71238898038469,"type":"block"},"1,0,-3":{"r":4.71238898038469,"type":"block"},"0,0,-3":{"r":0,"type":"block"},"0,-1,-3":{"r":0,"type":"block"},"0,-1,-2":{"r":0,"type":"block"},"1,-1,-3":{"r":0,"type":"block"},"2,0,-3":{"r":0,"type":"block"},"2,0,-2":{"r":0,"type":"block"},"1,-1,-2":{"r":0,"type":"block"},"2,-1,-3":{"r":0,"type":"block"},"2,-2,-3":{"r":0,"type":"block"},"2,-2,-2":{"r":0,"type":"block"},"1,-2,-3":{"r":0,"type":"block"},"0,-2,-3":{"r":0,"type":"block"},"0,-2,-2":{"r":0,"type":"block"},"1,-2,-2":{"r":0,"type":"windowBlock"},"2,-1,-2":{"r":0,"type":"windowBlock"},"0,-3,-2":{"r":0,"type":"humpRoof"},"0,-3,-3":{"r":0,"type":"humpRoof"},"1,-3,-3":{"r":0,"type":"humpRoof"},"1,-3,-2":{"r":0,"type":"humpRoof"},"2,-3,-3":{"r":0,"type":"humpRoof"},"2,-3,-2":{"r":0,"type":"humpRoof"},"0,0,-1":{"r":3.141592653589793,"type":"singleCurb"},"0,0,0":{"r":3.141592653589793,"type":"singleCurb"},"2,0,1":{"r":1.5707963267948966,"type":"curbCorner"},"1,0,1":{"r":4.71238898038469,"type":"singleCurb"},"0,0,1":{"r":0,"type":"curbCorner"},"2,0,0":{"r":0,"type":"singleCurb"},"2,0,-1":{"r":0,"type":"singleCurb"},"4,0,-6":{"r":0,"type":"stairs"},"7,-1,-6":{"r":0,"type":"stairs"},"6,0,-6":{"r":0,"type":"archBlock"},"5,0,-6":{"r":0,"type":"block"},"7,0,-6":{"r":0,"type":"block"},"8,-1,-6":{"r":3.141592653589793,"type":"archCorner"},"9,-1,-6":{"r":0,"type":"archCorner"},"9,0,-6":{"r":0,"type":"sideBlock"},"8,0,-6":{"r":3.141592653589793,"type":"sideBlock"},"10,0,-6":{"r":3.141592653589793,"type":"block"},"10,-1,-6":{"r":3.141592653589793,"type":"block"},"11,0,-6":{"r":0,"type":"goal"},"12,0,-6":{"r":3.141592653589793,"type":"block"},"13,0,-6":{"r":3.141592653589793,"type":"block"},"14,0,-6":{"r":3.141592653589793,"type":"block"},"13,-2,-6":{"r":3.141592653589793,"type":"block"},"12,-2,-6":{"r":3.141592653589793,"type":"block"},"11,-2,-6":{"r":3.141592653589793,"type":"block"},"10,-2,-6":{"r":0,"type":"stairs"},"9,-2,-6":{"r":1.5707963267948966,"type":"curb"},"8,-2,-6":{"r":1.5707963267948966,"type":"curb"},"6,-1,-6":{"r":1.5707963267948966,"type":"curb"},"5,-1,-6":{"r":1.5707963267948966,"type":"curb"},"11,-3,-6":{"r":1.5707963267948966,"type":"curb"},"12,-3,-6":{"r":1.5707963267948966,"type":"curb"},"13,-3,-6":{"r":3.141592653589793,"type":"curbEnd"},"13,-1,-6":{"r":1.5707963267948966,"type":"curb"},"12,-1,-6":{"r":1.5707963267948966,"type":"curb"},"14,-1,-6":{"r":3.141592653589793,"type":"block"},"14,-2,-6":{"r":3.141592653589793,"type":"curbFull"},"14,-3,-7":{"r":4.71238898038469,"type":"pillarTop"},"14,0,-7":{"r":0,"type":"pillarBace"},"14,-1,-7":{"r":0,"type":"pillar"},"14,-2,-7":{"r":0,"type":"pillar"}}},"startingHeight":0,"name":"5 - House"}