{"left":{"blocks":{"1,0,-2":{"r":0,"type":"block"},"0,0,-2":{"r":0,"type":"block"},"-1,0,2":{"r":0,"type":"block"},"2,0,2":{"r":0,"type":"block"},"-2,0,1":{"r":0,"type":"block"},"-2,0,0":{"r":0,"type":"block"},"-2,0,2":{"r":0,"type":"block"},"-2,0,-1":{"r":0,"type":"block"},"2,0,-2":{"r":0,"type":"block"},"2,0,-1":{"r":0,"type":"block"},"2,0,0":{"r":0,"type":"block"},"1,0,2":{"r":0,"type":"block"},"0,0,2":{"r":0,"type":"block"},"-2,0,-2":{"r":0,"type":"block"},"-2,0,-4":{"r":0,"type":"block"},"-1,0,-4":{"r":0,"type":"block"},"0,0,-4":{"r":0,"type":"block"},"2,0,-4":{"r":0,"type":"block"},"4,0,-4":{"r":0,"type":"block"},"4,0,-3":{"r":0,"type":"block"},"4,0,-2":{"r":0,"type":"block"},"3,0,-2":{"r":0,"type":"block"},"-4,0,-4":{"r":0,"type":"block"},"-4,0,-3":{"r":0,"type":"block"},"-4,0,-2":{"r":0,"type":"block"},"-3,0,-2":{"r":0,"type":"block"},"4,0,-5":{"r":0,"type":"block"},"4,0,-6":{"r":0,"type":"block"},"3,0,-6":{"r":0,"type":"block"},"2,0,-6":{"r":0,"type":"block"},"2,0,-5":{"r":0,"type":"block"},"1,0,-6":{"r":0,"type":"block"},"0,0,-6":{"r":0,"type":"block"},"-2,0,-6":{"r":0,"type":"block"},"-2,0,-5":{"r":0,"type":"block"},"-3,0,-6":{"r":0,"type":"block"},"-4,0,-6":{"r":0,"type":"block"},"-4,0,-5":{"r":0,"type":"block"},"-2,0,-8":{"r":0,"type":"block"},"-1,0,-8":{"r":0,"type":"block"},"0,0,-8":{"r":0,"type":"block"},"2,0,-8":{"r":0,"type":"block"},"3,0,-8":{"r":0,"type":"block"},"4,0,-8":{"r":0,"type":"block"},"1,0,-8":{"r":0,"type":"block"},"-3,0,-8":{"r":0,"type":"block"},"-4,0,-8":{"r":0,"type":"block"},"-5,0,-8":{"r":0,"type":"block"},"-6,0,-8":{"r":0,"type":"block"},"-6,0,-6":{"r":0,"type":"block"},"-6,0,-4":{"r":0,"type":"block"},"-6,0,-3":{"r":0,"type":"block"},"-6,0,0":{"r":0,"type":"block"},"-6,0,-1":{"r":0,"type":"block"},"-5,0,0":{"r":0,"type":"block"},"-4,0,0":{"r":0,"type":"block"},"-4,0,2":{"r":0,"type":"block"},"-5,0,2":{"r":0,"type":"block"},"-6,0,2":{"r":0,"type":"block"},"-7,0,2":{"r":0,"type":"block"},"-8,0,2":{"r":0,"type":"block"},"-8,0,0":{"r":0,"type":"block"},"-8,0,-1":{"r":0,"type":"block"},"-8,0,-2":{"r":0,"type":"block"},"-8,0,-4":{"r":0,"type":"block"},"-8,0,-6":{"r":0,"type":"block"},"-8,0,-7":{"r":0,"type":"block"},"-7,0,-8":{"r":0,"type":"block"},"-8,0,-8":{"r":0,"type":"block"},"-6,0,-5":{"r":0,"type":"block"},"-6,0,-2":{"r":0,"type":"block"},"-6,0,4":{"r":0,"type":"block"},"-4,0,4":{"r":0,"type":"block"},"-5,0,4":{"r":0,"type":"block"},"-3,0,4":{"r":0,"type":"block"},"-2,0,4":{"r":0,"type":"block"},"-1,0,4":{"r":0,"type":"block"},"0,0,4":{"r":0,"type":"block"},"2,0,4":{"r":0,"type":"block"},"3,0,4":{"r":0,"type":"block"},"4,0,4":{"r":0,"type":"block"},"4,0,1":{"r":0,"type":"block"},"4,0,0":{"r":0,"type":"block"},"4,0,2":{"r":0,"type":"block"},"5,0,2":{"r":0,"type":"block"},"6,0,2":{"r":0,"type":"block"},"6,0,1":{"r":0,"type":"block"},"6,0,0":{"r":0,"type":"block"},"6,0,-1":{"r":0,"type":"block"},"6,0,-2":{"r":0,"type":"block"},"6,0,-3":{"r":0,"type":"block"},"5,0,-4":{"r":0,"type":"block"},"6,0,-4":{"r":0,"type":"block"},"6,0,-5":{"r":0,"type":"block"},"6,0,-6":{"r":0,"type":"block"},"6,0,-7":{"r":0,"type":"block"},"6,0,-8":{"r":0,"type":"block"},"5,0,-8":{"r":0,"type":"block"},"2,0,1":{"r":0,"type":"block"},"6,0,3":{"r":0,"type":"block"},"6,0,4":{"r":0,"type":"block"},"6,0,5":{"r":0,"type":"block"},"6,0,6":{"r":0,"type":"block"},"2,0,5":{"r":0,"type":"block"},"2,0,6":{"r":0,"type":"block"},"4,0,6":{"r":0,"type":"block"},"5,0,6":{"r":0,"type":"block"},"1,0,6":{"r":0,"type":"block"},"0,0,6":{"r":0,"type":"block"},"0,0,8":{"r":0,"type":"block"},"1,0,8":{"r":0,"type":"block"},"2,0,8":{"r":0,"type":"block"},"4,0,8":{"r":0,"type":"block"},"6,0,8":{"r":0,"type":"block"},"6,0,7":{"r":0,"type":"block"},"0,0,7":{"r":0,"type":"block"},"-2,0,5":{"r":0,"type":"block"},"-2,0,6":{"r":0,"type":"block"},"-2,0,8":{"r":0,"type":"block"},"-3,0,8":{"r":0,"type":"block"},"-4,0,8":{"r":0,"type":"block"},"-4,0,7":{"r":0,"type":"block"},"-4,0,6":{"r":0,"type":"block"},"-4,0,5":{"r":0,"type":"block"},"-4,0,10":{"r":0,"type":"block"},"-3,0,10":{"r":0,"type":"block"},"-2,0,10":{"r":0,"type":"block"},"-1,0,10":{"r":0,"type":"block"},"0,0,10":{"r":0,"type":"block"},"1,0,10":{"r":0,"type":"block"},"2,0,10":{"r":0,"type":"block"},"2,0,9":{"r":0,"type":"block"},"3,0,10":{"r":0,"type":"block"},"4,0,10":{"r":0,"type":"block"},"5,0,10":{"r":0,"type":"block"},"6,0,10":{"r":0,"type":"block"},"6,0,9":{"r":0,"type":"block"},"3,0,8":{"r":0,"type":"block"},"-8,0,3":{"r":0,"type":"block"},"-8,0,4":{"r":0,"type":"block"},"-8,0,5":{"r":0,"type":"block"},"-8,0,6":{"r":0,"type":"block"},"-7,0,6":{"r":0,"type":"block"},"-6,0,6":{"r":0,"type":"block"},"-5,0,8":{"r":0,"type":"block"},"-6,0,8":{"r":0,"type":"block"},"-8,0,8":{"r":0,"type":"block"},"-5,0,10":{"r":0,"type":"block"},"-6,0,10":{"r":0,"type":"block"},"-7,0,10":{"r":0,"type":"block"},"-8,0,10":{"r":0,"type":"block"},"-9,0,10":{"r":0,"type":"block"},"-10,0,10":{"r":0,"type":"block"},"-10,0,9":{"r":0,"type":"block"},"-10,0,8":{"r":0,"type":"block"},"-10,0,6":{"r":0,"type":"block"},"-10,0,5":{"r":0,"type":"block"},"-10,0,7":{"r":0,"type":"block"},"-10,0,4":{"r":0,"type":"block"},"-10,0,3":{"r":0,"type":"block"},"-8,0,9":{"r":0,"type":"block"},"-10,0,2":{"r":0,"type":"block"},"-10,0,1":{"r":0,"type":"block"},"-10,0,0":{"r":0,"type":"block"},"-10,0,-1":{"r":0,"type":"block"},"-10,0,-2":{"r":0,"type":"block"},"-6,0,1":{"r":0,"type":"block"},"-7,0,-6":{"r":0,"type":"block"},"-10,0,-6":{"r":0,"type":"block"},"-10,0,-5":{"r":0,"type":"block"},"-10,0,-3":{"r":0,"type":"block"},"-10,0,-4":{"r":0,"type":"block"},"-9,0,-2":{"r":0,"type":"block"},"-10,0,-7":{"r":0,"type":"block"},"-10,0,-8":{"r":0,"type":"block"},"-9,0,-4":{"r":0,"type":"block"},"-9,0,-11":{"r":1.5707963267948966,"type":"stairs"},"-9,0,-12":{"r":1.5707963267948966,"type":"goal"},"-9,0,-8":{"r":1.5707963267948966,"type":"block"},"-9,0,2":{"r":1.5707963267948966,"type":"block"},"-4,0,3":{"r":1.5707963267948966,"type":"block"},"-2,0,9":{"r":1.5707963267948966,"type":"block"},"-1,0,6":{"r":1.5707963267948966,"type":"block"},"-4,0,-1":{"r":1.5707963267948966,"type":"block"},"2,0,3":{"r":1.5707963267948966,"type":"block"}}},"right":{"blocks":{"1,0,-2":{"r":0,"type":"block"},"0,0,-2":{"r":0,"type":"block"},"-1,0,2":{"r":0,"type":"block"},"2,0,2":{"r":0,"type":"block"},"-2,0,1":{"r":0,"type":"block"},"-2,0,0":{"r":0,"type":"block"},"-2,0,2":{"r":0,"type":"block"},"-2,0,-1":{"r":0,"type":"block"},"2,0,-2":{"r":0,"type":"block"},"2,0,-1":{"r":0,"type":"block"},"2,0,0":{"r":0,"type":"block"},"1,0,2":{"r":0,"type":"block"},"0,0,2":{"r":0,"type":"block"},"-2,0,-2":{"r":0,"type":"block"},"-2,0,-4":{"r":0,"type":"block"},"-1,0,-4":{"r":0,"type":"block"},"0,0,-4":{"r":0,"type":"block"},"4,0,-4":{"r":0,"type":"block"},"4,0,-3":{"r":0,"type":"block"},"-4,0,-4":{"r":0,"type":"block"},"-4,0,-3":{"r":0,"type":"block"},"-4,0,-2":{"r":0,"type":"block"},"-3,0,-2":{"r":0,"type":"block"},"4,0,-5":{"r":0,"type":"block"},"4,0,-6":{"r":0,"type":"block"},"3,0,-6":{"r":0,"type":"block"},"2,0,-6":{"r":0,"type":"block"},"2,0,-5":{"r":0,"type":"block"},"1,0,-6":{"r":0,"type":"block"},"0,0,-6":{"r":0,"type":"block"},"-2,0,-6":{"r":0,"type":"block"},"-2,0,-5":{"r":0,"type":"block"},"-3,0,-6":{"r":0,"type":"block"},"-4,0,-6":{"r":0,"type":"block"},"-4,0,-5":{"r":0,"type":"block"},"-2,0,-8":{"r":0,"type":"block"},"-1,0,-8":{"r":0,"type":"block"},"0,0,-8":{"r":0,"type":"block"},"2,0,-8":{"r":0,"type":"block"},"3,0,-8":{"r":0,"type":"block"},"4,0,-8":{"r":0,"type":"block"},"1,0,-8":{"r":0,"type":"block"},"-3,0,-8":{"r":0,"type":"block"},"-4,0,-8":{"r":0,"type":"block"},"-5,0,-8":{"r":0,"type":"block"},"-6,0,-8":{"r":0,"type":"block"},"-6,0,-6":{"r":0,"type":"block"},"-6,0,-4":{"r":0,"type":"block"},"-6,0,-3":{"r":0,"type":"block"},"-6,0,0":{"r":0,"type":"block"},"-6,0,-1":{"r":0,"type":"block"},"-5,0,0":{"r":0,"type":"block"},"-4,0,0":{"r":0,"type":"block"},"-4,0,2":{"r":0,"type":"block"},"-5,0,2":{"r":0,"type":"block"},"-6,0,2":{"r":0,"type":"block"},"-7,0,2":{"r":0,"type":"block"},"-8,0,2":{"r":0,"type":"block"},"-8,0,0":{"r":0,"type":"block"},"-8,0,-1":{"r":0,"type":"block"},"-8,0,-2":{"r":0,"type":"block"},"-8,0,-4":{"r":0,"type":"block"},"-8,0,-6":{"r":0,"type":"block"},"-8,0,-7":{"r":0,"type":"block"},"-7,0,-8":{"r":0,"type":"block"},"-8,0,-8":{"r":0,"type":"block"},"-6,0,-5":{"r":0,"type":"block"},"-6,0,-2":{"r":0,"type":"block"},"-6,0,4":{"r":0,"type":"block"},"-4,0,4":{"r":0,"type":"block"},"-5,0,4":{"r":0,"type":"block"},"-3,0,4":{"r":0,"type":"block"},"-2,0,4":{"r":0,"type":"block"},"-1,0,4":{"r":0,"type":"block"},"0,0,4":{"r":0,"type":"block"},"2,0,4":{"r":0,"type":"block"},"3,0,4":{"r":0,"type":"block"},"4,0,4":{"r":0,"type":"block"},"4,0,1":{"r":0,"type":"block"},"4,0,2":{"r":0,"type":"block"},"5,0,2":{"r":0,"type":"block"},"6,0,2":{"r":0,"type":"block"},"6,0,1":{"r":0,"type":"block"},"6,0,0":{"r":0,"type":"block"},"6,0,-1":{"r":0,"type":"block"},"6,0,-2":{"r":0,"type":"block"},"6,0,-3":{"r":0,"type":"block"},"5,0,-4":{"r":0,"type":"block"},"6,0,-4":{"r":0,"type":"block"},"6,0,-5":{"r":0,"type":"block"},"6,0,-6":{"r":0,"type":"block"},"6,0,-7":{"r":0,"type":"block"},"6,0,-8":{"r":0,"type":"block"},"5,0,-8":{"r":0,"type":"block"},"2,0,1":{"r":0,"type":"block"},"6,0,3":{"r":0,"type":"block"},"6,0,4":{"r":0,"type":"block"},"6,0,5":{"r":0,"type":"block"},"6,0,6":{"r":0,"type":"block"},"2,0,5":{"r":0,"type":"block"},"2,0,6":{"r":0,"type":"block"},"4,0,6":{"r":0,"type":"block"},"5,0,6":{"r":0,"type":"block"},"1,0,6":{"r":0,"type":"block"},"0,0,6":{"r":0,"type":"block"},"0,0,8":{"r":0,"type":"block"},"1,0,8":{"r":0,"type":"block"},"2,0,8":{"r":0,"type":"block"},"4,0,8":{"r":0,"type":"block"},"6,0,8":{"r":0,"type":"block"},"6,0,7":{"r":0,"type":"block"},"0,0,7":{"r":0,"type":"block"},"-2,0,5":{"r":0,"type":"block"},"-2,0,6":{"r":0,"type":"block"},"-2,0,8":{"r":0,"type":"block"},"-3,0,8":{"r":0,"type":"block"},"-4,0,8":{"r":0,"type":"block"},"-4,0,7":{"r":0,"type":"block"},"-4,0,6":{"r":0,"type":"block"},"-4,0,5":{"r":0,"type":"block"},"-4,0,10":{"r":0,"type":"block"},"-3,0,10":{"r":0,"type":"block"},"-2,0,10":{"r":0,"type":"block"},"-1,0,10":{"r":0,"type":"block"},"0,0,10":{"r":0,"type":"block"},"1,0,10":{"r":0,"type":"block"},"2,0,10":{"r":0,"type":"block"},"2,0,9":{"r":0,"type":"block"},"3,0,10":{"r":0,"type":"block"},"4,0,10":{"r":0,"type":"block"},"5,0,10":{"r":0,"type":"block"},"6,0,10":{"r":0,"type":"block"},"6,0,9":{"r":0,"type":"block"},"3,0,8":{"r":0,"type":"block"},"-8,0,3":{"r":0,"type":"block"},"-8,0,4":{"r":0,"type":"block"},"-8,0,5":{"r":0,"type":"block"},"-8,0,6":{"r":0,"type":"block"},"-7,0,6":{"r":0,"type":"block"},"-6,0,6":{"r":0,"type":"block"},"-5,0,8":{"r":0,"type":"block"},"-6,0,8":{"r":0,"type":"block"},"-8,0,8":{"r":0,"type":"block"},"-5,0,10":{"r":0,"type":"block"},"-6,0,10":{"r":0,"type":"block"},"-7,0,10":{"r":0,"type":"block"},"-8,0,10":{"r":0,"type":"block"},"-9,0,10":{"r":0,"type":"block"},"-10,0,10":{"r":0,"type":"block"},"-10,0,9":{"r":0,"type":"block"},"-10,0,8":{"r":0,"type":"block"},"-10,0,6":{"r":0,"type":"block"},"-10,0,5":{"r":0,"type":"block"},"-10,0,7":{"r":0,"type":"block"},"-10,0,4":{"r":0,"type":"block"},"-10,0,3":{"r":0,"type":"block"},"-8,0,9":{"r":0,"type":"block"},"-10,0,2":{"r":0,"type":"block"},"-10,0,1":{"r":0,"type":"block"},"-10,0,0":{"r":0,"type":"block"},"-10,0,-1":{"r":0,"type":"block"},"-10,0,-2":{"r":0,"type":"block"},"-6,0,1":{"r":0,"type":"block"},"-7,0,-6":{"r":0,"type":"block"},"-10,0,-6":{"r":0,"type":"block"},"-10,0,-5":{"r":0,"type":"block"},"-10,0,-3":{"r":0,"type":"block"},"-10,0,-4":{"r":0,"type":"block"},"-9,0,-2":{"r":0,"type":"block"},"-10,0,-7":{"r":0,"type":"block"},"-10,0,-8":{"r":0,"type":"block"},"-9,0,-4":{"r":0,"type":"block"},"-9,0,-11":{"r":1.5707963267948966,"type":"stairs"},"-9,0,-12":{"r":1.5707963267948966,"type":"goal"},"-2,0,9":{"r":1.5707963267948966,"type":"block"},"4,0,0":{"r":1.5707963267948966,"type":"block"},"4,0,-2":{"r":1.5707963267948966,"type":"block"},"3,0,-2":{"r":1.5707963267948966,"type":"block"},"3,0,0":{"r":1.5707963267948966,"type":"block"},"-7,0,4":{"r":1.5707963267948966,"type":"block"},"-1,0,8":{"r":1.5707963267948966,"type":"block"},"-2,0,-7":{"r":1.5707963267948966,"type":"block"},"-7,0,-4":{"r":4.71238898038469,"type":"block"}}},"startingHeight":0,"name":"11 - Maze"}